Molecule,Canonical SMILES,Formula,MW,#Heavy atoms,#Aromatic heavy atoms,Fraction Csp3,#Rotatable bonds,#H-bond acceptors,#H-bond donors,MR,TPSA,iLOGP,XLOGP3,WLOGP,MLOGP,Silicos-IT Log P,Consensus Log P,ESOL Log S,ESOL Solubility (mg/ml),ESOL Solubility (mol/l),ESOL Class,Ali Log S,Ali Solubility (mg/ml),Ali Solubility (mol/l),Ali Class,Silicos-IT LogSw,Silicos-IT Solubility (mg/ml),Silicos-IT Solubility (mol/l),Silicos-IT class,GI absorption,BBB permeant,Pgp substrate,CYP1A2 inhibitor,CYP2C19 inhibitor,CYP2C9 inhibitor,CYP2D6 inhibitor,CYP3A4 inhibitor,log Kp (cm/s),Lipinski #violations,Ghose #violations,Veber #violations,Egan #violations,Muegge #violations,Bioavailability Score,PAINS #alerts,Brenk #alerts,Leadlikeness #violations,Synthetic Accessibility
Annocatalin,CCC[C@@H]([C@H](CCCCCCCC[C@H]([C@H]1CC[C@@H](O1)CCCCCCCCCC[C@H](CC1=C[C@@H](OC1=O)C)O)O)O)O,C35H64O7,596.88,42,0,0.91,26,7,4,172.67,116.45,n/d,8.42,7.06,3.46,8.88,6.95,-7.13,4.43E-05,7.43E-08,Poorly soluble,-10.73,1.10E-08,1.84E-11,Insoluble,-7.4,2.39E-05,4.00E-08,Poorly soluble,Low,No,n/d,n/d,n/d,n/d,n/d,n/d,-3.96,1,4,1,1,2,0.55,0,0,3,7.34
Annomontacin,CCCCCCCCCCCC[C@@H]([C@@H]1CC[C@H](O1)[C@H](CCCCCCC(CCCCC[C@H](CC1=C[C@@H](OC1=O)C)O)O)O)O,C37H68O7,624.93,44,0,0.92,28,7,4,182.29,116.45,n/d,9.5,7.84,3.81,9.74,7.72,-7.85,8.80E-06,1.41E-08,Poorly soluble,-11.85,8.73E-10,1.40E-12,Insoluble,-8.17,4.23E-06,6.76E-09,Poorly soluble,Low,No,n/d,n/d,n/d,n/d,n/d,n/d,-3.37,1,4,1,1,3,0.55,0,0,3,7.62
Annomuricin A,CCCCCCCCCCCC[C@@H]([C@H]1CC[C@@H](O1)[C@@H](CCC[C@H]([C@@H](CCCCC[C@H](CC1=C[C@@H](OC1=O)C)O)O)O)O)O,C35H64O8,612.88,43,0,0.91,26,8,5,173.84,136.68,n/d,7.44,6.03,2.67,8.12,6.07,-6.61,1.50E-04,2.45E-07,Poorly soluble,-10.14,4.42E-08,7.21E-11,Insoluble,-6.45,2.19E-04,3.58E-07,Poorly soluble,Low,No,n/d,n/d,n/d,n/d,n/d,n/d,-4.76,1,4,1,2,3,0.55,0,0,3,7.48
Annomuricin B,CCCCCCCCCCCC[C@@H]([C@H]1CC[C@@H](O1)[C@@H](CCC[C@@H]([C@@H](CCCCC[C@H](CC1=C[C@@H](OC1=O)C)O)O)O)O)O,C35H64O8,612.88,43,0,0.91,26,8,5,173.84,136.68,n/d,7.44,6.03,2.67,8.12,6.07,-6.61,1.50E-04,2.45E-07,Poorly soluble,-10.14,4.42E-08,7.21E-11,Insoluble,-6.45,2.19E-04,3.58E-07,Poorly soluble,Low,No,n/d,n/d,n/d,n/d,n/d,n/d,-4.76,1,4,1,2,3,0.55,0,0,3,7.48
Annomuricin C,CCCCCCCCCCCC[C@H]([C@H]1CC[C@@H](O1)[C@@H](CCC[C@@H]([C@H](CCCCC[C@H](CC1=C[C@@H](OC1=O)C)O)O)O)O)O,C35H64O8,612.88,43,0,0.91,26,8,5,173.84,136.68,n/d,7.44,6.03,2.67,8.12,6.07,-6.61,1.50E-04,2.45E-07,Poorly soluble,-10.14,4.42E-08,7.21E-11,Insoluble,-6.45,2.19E-04,3.58E-07,Poorly soluble,Low,No,n/d,n/d,n/d,n/d,n/d,n/d,-4.76,1,4,1,2,3,0.55,0,0,3,7.48
Annomuricin D,CCCCCCCCCCCCC(C1CCC(O1)C(CCCC(C(CCCCCC1OC(=O)C(C1)CC(=O)C)O)O)O)O,C35H64O8,612.88,43,0,0.94,26,8,4,173.35,133.52,n/d,7.1,6.32,2.67,8.46,6.14,-6.4,2.46E-04,4.01E-07,Poorly soluble,-9.72,1.16E-07,1.89E-10,Poorly soluble,-6.94,7.05E-05,1.15E-07,Poorly soluble,Low,No,n/d,n/d,n/d,n/d,n/d,n/d,-5,1,4,1,2,3,0.55,0,0,3,6.83
Annomuricin E,CCCCCCCCCCCC[C@H]([C@H]1CC[C@@H](O1)[C@@H](CCC[C@H]([C@H](CCCCC[C@H](CC1=C[C@@H](OC1=O)C)O)O)O)O)O,C35H64O8,612.88,43,0,0.91,26,8,5,173.84,136.68,n/d,7.44,6.03,2.67,8.12,6.07,-6.61,1.50E-04,2.45E-07,Poorly soluble,-10.14,4.42E-08,7.21E-11,Insoluble,-6.45,2.19E-04,3.58E-07,Poorly soluble,Low,No,n/d,n/d,n/d,n/d,n/d,n/d,-4.76,1,4,1,2,3,0.55,0,0,3,7.48
Annomuricatin A,OCC1NC(=O)C(NC(=O)C(NC(=O)CNC(=O)C2N(C(=O)C(NC1=O)C)CCC2)Cc1ccccc1)C(C)C,C27H38N6O7,558.63,40,6,0.56,4,7,6,166.08,186.04,n/d,0.44,-4.33,-1.62,-0.33,-1.46,-3.43,2.09E-01,3.74E-04,Soluble,-3.91,6.80E-02,1.22E-04,Soluble,-5.54,1.61E-03,2.88E-06,Moderately soluble,Low,No,n/d,n/d,n/d,n/d,n/d,n/d,-9.4,3,4,1,1,2,0.17,0,0,1,5.2
Annomuricatin B,CC(CC1NC(=O)C(NC(=O)C(C)NC(=O)C(CC(=O)N)NC(=O)C2N(C(=O)C(NC(=O)CNC1=O)C(O)C)CCC2)Cc1c[nH]c2c1cccc2)C,C35H49N9O9,739.82,53,9,0.54,7,9,9,216.6,274.02,n/d,-0.42,-5.09,-2.98,-1.21,-2.42,-3.83,1.10E-01,1.49E-04,Soluble,-4.87,9.98E-03,1.35E-05,Moderately soluble,-5.03,6.84E-03,9.25E-06,Moderately soluble,Low,No,n/d,n/d,n/d,n/d,n/d,n/d,-11.11,3,4,1,1,3,0.17,0,0,1,6.65
Annomutacin,CCCCCCCCCCCCC(C1CCC(O1)C(CCCCCCC(CCCCCC(CC1=CC(OC1=O)C)O)O)O)O,C37H68O7,624.93,44,0,0.92,28,7,4,182.29,116.45,n/d,9.5,7.84,3.81,9.74,7.72,-7.85,8.80E-06,1.41E-08,Poorly soluble,-11.85,8.73E-10,1.40E-12,Insoluble,-8.17,4.23E-06,6.76E-09,Poorly soluble,Low,No,n/d,n/d,n/d,n/d,n/d,n/d,-3.37,1,4,1,1,3,0.55,0,0,3,7.62
Annonacin,CCCCCCCCCCCC[C@H]([C@H]1CC[C@@H](O1)[C@@H](CCCC[C@@H](CCCCC[C@H](CC1=C[C@@H](OC1=O)C)O)O)O)O,C35H64O7,596.88,42,0,0.91,26,7,4,172.67,116.45,n/d,8.42,7.06,3.46,8.88,6.95,-7.13,4.43E-05,7.43E-08,Poorly soluble,-10.73,1.10E-08,1.84E-11,Insoluble,-7.4,2.39E-05,4.00E-08,Poorly soluble,Low,No,n/d,n/d,n/d,n/d,n/d,n/d,-3.96,1,4,1,1,2,0.55,0,0,3,7.36
Annonacin A,CCCCCCCCCCCCC(C1CCC(O1)C(CCCCC(CCCCCC(CC1=CC(OC1=O)C)O)O)O)O,C35H64O7,596.88,42,0,0.91,26,7,4,172.67,116.45,n/d,8.42,7.06,3.46,8.88,6.95,-7.13,4.43E-05,7.43E-08,Poorly soluble,-10.73,1.10E-08,1.84E-11,Insoluble,-7.4,2.39E-05,4.00E-08,Poorly soluble,Low,No,n/d,n/d,n/d,n/d,n/d,n/d,-3.96,1,4,1,1,2,0.55,0,0,3,7.36
Annonacinone,CCCCCCCCCCCC[C@H]([C@H]1CC[C@@H](O1)[C@@H](CCCCC(=O)CCCCC[C@H](CC1=C[C@@H](OC1=O)C)O)O)O,C35H62O7,594.86,42,0,0.89,26,7,3,171.71,113.29,n/d,7.91,7.27,3.36,9.2,6.94,-6.8,9.53E-05,1.60E-07,Poorly soluble,-10.14,4.32E-08,7.27E-11,Insoluble,-7.88,7.91E-06,1.33E-08,Poorly soluble,Low,No,n/d,n/d,n/d,n/d,n/d,n/d,-4.31,1,4,1,1,2,0.55,0,0,3,7.18
Isoannonacin,CCCCCCCCCCCC[C@@H]([C@@H]1CC[C@H](O1)[C@H](CCCCC(CCCCCC1OC(=O)C(C1)CC(=O)C)O)O)O,C35H64O7,596.88,42,0,0.94,26,7,3,172.19,113.29,n/d,8.08,7.35,3.46,9.21,7.02,-6.92,7.26E-05,1.22E-07,Poorly soluble,-10.31,2.89E-08,4.84E-11,Insoluble,-7.89,7.65E-06,1.28E-08,Poorly soluble,Low,No,n/d,n/d,n/d,n/d,n/d,n/d,-4.2,1,4,1,1,2,0.55,0,0,3,6.71
Isoannonacinone,CCCCCCCCCCCC[C@@H]([C@@H]1CC[C@H](O1)[C@H](CCCCC(=O)CCCCCC1OC(=O)C(C1)CC(=O)C)O)O,C35H62O7,594.86,42,0,0.91,26,7,2,171.22,110.13,n/d,7.57,7.56,3.36,9.54,7.01,-6.58,1.56E-04,2.62E-07,Poorly soluble,-9.72,1.14E-07,1.91E-10,Poorly soluble,-8.37,2.54E-06,4.27E-09,Poorly soluble,Low,No,n/d,n/d,n/d,n/d,n/d,n/d,-4.55,1,4,1,1,2,0.55,0,0,3,6.53
Annopentocin A,CCCCCCCCCCCC[C@H]([C@@H](CC[C@@H]([C@@H]1CC[C@H](O1)C[C@@H](CCCCC[C@H](CC1=C[C@@H](OC1=O)C)O)O)O)O)O,C35H64O8,612.88,43,0,0.91,26,8,5,173.84,136.68,n/d,7.44,6.03,2.67,8.12,6.07,-6.61,1.50E-04,2.45E-07,Poorly soluble,-10.14,4.42E-08,7.21E-11,Insoluble,-6.45,2.19E-04,3.58E-07,Poorly soluble,Low,No,n/d,n/d,n/d,n/d,n/d,n/d,-4.76,1,4,1,2,3,0.55,0,0,3,7.5
Annopentocin B,CCCCCCCCCCCC[C@@H]([C@H](CC[C@@H]([C@@H]1CC[C@H](O1)C[C@@H](CCCCC[C@H](CC1=C[C@@H](OC1=O)C)O)O)O)O)O,C35H64O8,612.88,43,0,0.91,26,8,5,173.84,136.68,n/d,7.44,6.03,2.67,8.12,6.07,-6.61,1.50E-04,2.45E-07,Poorly soluble,-10.14,4.42E-08,7.21E-11,Insoluble,-6.45,2.19E-04,3.58E-07,Poorly soluble,Low,No,n/d,n/d,n/d,n/d,n/d,n/d,-4.76,1,4,1,2,3,0.55,0,0,3,7.5
Annoreticuin-9-one,CCCCCCCCCCCC[C@H]([C@H]1CC[C@@H](O1)[C@@H](CCCCCC(=O)CCCC[C@H](CC1=C[C@@H](OC1=O)C)O)O)O,C35H62O7,594.86,42,0,0.89,26,7,3,171.71,113.29,n/d,7.91,7.27,3.36,9.2,6.94,-6.8,9.53E-05,1.60E-07,Poorly soluble,-10.14,4.32E-08,7.27E-11,Insoluble,-7.88,7.91E-06,1.33E-08,Poorly soluble,Low,No,n/d,n/d,n/d,n/d,n/d,n/d,-4.31,1,4,1,1,2,0.55,0,0,3,7.18
Cis-Corossolone,CCCCCCCCCCCC[C@H]([C@H]1CC[C@H](O1)[C@H](CCCCC(=O)CCCCCCCC1=C[C@@H](OC1=O)C)O)O,C35H62O6,578.86,41,0,0.89,26,6,2,170.55,93.06,n/d,9.44,8.3,4.16,9.96,7.96,-7.66,1.27E-05,2.19E-08,Poorly soluble,-11.3,2.89E-09,5.00E-12,Insoluble,-8.83,8.60E-07,1.49E-09,Poorly soluble,Low,No,n/d,n/d,n/d,n/d,n/d,n/d,-3.13,2,4,1,1,2,0.17,0,0,3,6.9
Corossolone,CCCCCCCCCCCCC(C1CCC(O1)C(CCCCC(=O)CCCCCCCC1=CC(OC1=O)C)O)O,C35H62O6,578.86,41,0,0.89,26,6,2,170.55,93.06,n/d,9.44,8.3,4.16,9.96,7.96,-7.66,1.27E-05,2.19E-08,Poorly soluble,-11.3,2.89E-09,5.00E-12,Insoluble,-8.83,8.60E-07,1.49E-09,Poorly soluble,Low,No,n/d,n/d,n/d,n/d,n/d,n/d,-3.13,2,4,1,1,2,0.17,0,0,3,6.9
Corossoline,CCCCCCCCCCCC[C@H]([C@H]1CC[C@@H](O1)[C@@H](CCCC[C@@H](CCCCCCCC1=C[C@@H](OC1=O)C)O)O)O,C35H64O6,580.88,41,0,0.91,26,6,3,171.51,96.22,n/d,9.94,8.09,4.26,9.63,7.98,-7.99,5.98E-06,1.03E-08,Poorly soluble,-11.89,7.54E-10,1.30E-12,Insoluble,-8.35,2.59E-06,4.47E-09,Poorly soluble,Low,No,n/d,n/d,n/d,n/d,n/d,n/d,-2.79,2,4,1,1,2,0.17,0,0,3,7.09
cis-Goniothalamicin,CCCCCCCCCCCCCC[C@@H]([C@@H]1CC[C@@H](O1)[C@@H](CC[C@@H](CCCCC[C@H](CC1=C[C@@H](OC1=O)C)O)O)O)O,C35H64O7,596.88,42,0,0.91,26,7,4,172.67,116.45,n/d,8.78,7.06,3.46,8.88,7.04,-7.36,2.63E-05,4.41E-08,Poorly soluble,-11.11,4.66E-09,7.80E-12,Insoluble,-7.4,2.39E-05,4.00E-08,Poorly soluble,Low,No,n/d,n/d,n/d,n/d,n/d,n/d,-3.71,1,4,1,1,2,0.55,0,0,3,7.36
cis-Reticulatacin-10-one,CCCCCCCCCCCCC(C1CCC(O1)C(CCCCCCC(=O)CCCCCCCC1=CC(OC1=O)C)O)O,C37H66O6,606.92,43,0,0.89,28,6,2,180.16,93.06,n/d,10.52,9.08,4.52,10.82,8.73,-8.38,2.52E-06,4.14E-09,Poorly soluble,-12.42,2.30E-10,3.78E-13,Insoluble,-9.6,1.52E-07,2.51E-10,Poorly soluble,Low,No,n/d,n/d,n/d,n/d,n/d,n/d,-2.53,2,4,1,1,3,0.17,0,0,3,7.16
cis-Solamin,CCCCCCCCCCCC[C@@H]([C@@H]1CC[C@@H](O1)[C@@H](CCCCCCCCCCCCC1=C[C@@H](OC1=O)C)O)O,C35H64O5,564.88,40,0,0.91,26,5,2,170.35,75.99,n/d,11.84,9.12,5.07,10.39,9.11,-9.09,4.64E-07,8.21E-10,Poorly soluble,-13.43,2.08E-11,3.69E-14,Insoluble,-9.3,2.82E-07,4.99E-10,Poorly soluble,Low,No,n/d,n/d,n/d,n/d,n/d,n/d,-1.34,2,4,1,1,2,0.17,0,0,3,6.94
cis-Uvariamicin IV,CCCCCCCCCCCCCCCCC(C1CCC(O1)C(CCCCCCCCCCC1=CC(OC1=O)C)O)O,C37H68O5,592.93,42,0,0.92,28,5,2,179.96,75.99,n/d,12.92,9.9,5.43,11.25,9.87,-9.81,9.23E-08,1.56E-10,Poorly soluble,-14.55,1.66E-12,2.79E-15,Insoluble,-10.07,4.99E-08,8.41E-11,Insoluble,Low,No,n/d,n/d,n/d,n/d,n/d,n/d,-0.74,2,4,1,1,2,0.17,0,0,3,7.2
Cohibin A,CCCCCCCCCCCC/C=C\CC[C@H]([C@@H](CCCCCCCCCCCCC1=C[C@@H](OC1=O)C)O)O,C35H64O4,548.88,39,0,0.86,28,4,2,170.91,66.76,n/d,12.79,9.91,5.8,11.45,9.99,-9.45,1.94E-07,3.53E-10,Poorly soluble,-14.23,3.27E-12,5.95E-15,Insoluble,-9.83,8.06E-08,1.47E-10,Poorly soluble,Low,No,n/d,n/d,n/d,n/d,n/d,n/d,-0.57,2,4,1,1,2,0.17,0,1,3,6.6
Cohibin B,CCCCCCCCCCCCCC/C=C\CC[C@H]([C@@H](CCCCCCCCCCC1=C[C@@H](OC1=O)C)O)O,C35H64O4,548.88,39,0,0.86,28,4,2,170.91,66.76,n/d,12.79,9.91,5.8,11.45,9.99,-9.45,1.94E-07,3.53E-10,Poorly soluble,-14.23,3.27E-12,5.95E-15,Insoluble,-9.83,8.06E-08,1.47E-10,Poorly soluble,Low,No,n/d,n/d,n/d,n/d,n/d,n/d,-0.57,2,4,1,1,2,0.17,0,1,3,6.6
Cohibin C,CCCCCCCCCCCC/C=C\CC[C@H]([C@@H](CCCCCCCCCCCCCCC1=C[C@@H](OC1=O)C)O)O,C37H68O4,576.93,41,0,0.86,30,4,2,180.52,66.76,n/d,13.87,10.69,6.16,12.32,10.76,-10.18,3.86E-08,6.68E-11,Insoluble,-15.35,2.60E-13,4.51E-16,Insoluble,-10.61,1.43E-08,2.47E-11,Insoluble,Low,No,n/d,n/d,n/d,n/d,n/d,n/d,0.03,2,4,1,1,2,0.17,0,1,3,6.86
Cohibin D,CCCCCCCCCCCCCC/C=C\CC[C@H]([C@@H](CCCCCCCCCCCCC1=C[C@@H](OC1=O)C)O)O,C37H68O4,576.93,41,0,0.86,30,4,2,180.52,66.76,n/d,13.87,10.69,6.16,12.32,10.76,-10.18,3.86E-08,6.68E-11,Insoluble,-15.35,2.60E-13,4.51E-16,Insoluble,-10.61,1.43E-08,2.47E-11,Insoluble,Low,No,n/d,n/d,n/d,n/d,n/d,n/d,0.03,2,4,1,1,2,0.17,0,1,3,6.86
Epomuricenin A,CCCCCCCCCCCCC1OC1CC/C=C\CCCCCCCCCCCCC1=CC(OC1=O)C,C35H62O3,530.86,38,0,0.86,27,3,0,167.55,38.83,n/d,13.78,10.95,6.65,12.32,10.93,-10.03,4.95E-08,9.32E-11,Insoluble,-14.67,1.15E-12,2.16E-15,Insoluble,-10.74,9.70E-09,1.83E-11,Insoluble,Low,No,n/d,n/d,n/d,n/d,n/d,n/d,0.25,2,4,1,1,2,0.17,0,2,3,6.47
Epomuricenin B,CCCCCCCCCCCCCC/C=C/CCC1OC1CCCCCCCCCCC1=CC(OC1=O)C,C35H62O3,530.86,38,0,0.86,27,3,0,167.55,38.83,n/d,13.78,10.95,6.65,12.32,10.93,-10.03,4.95E-08,9.32E-11,Insoluble,-14.67,1.15E-12,2.16E-15,Insoluble,-10.74,9.70E-09,1.83E-11,Insoluble,Low,No,n/d,n/d,n/d,n/d,n/d,n/d,0.25,2,4,1,1,2,0.17,0,2,3,6.47
Epoxymurin A,CCCCCCCCCCCC/C=C\CCC1OC1CCCCCCCCCCCCC1=CC(OC1=O)C,C35H62O3,530.86,38,0,0.86,27,3,0,167.55,38.83,n/d,13.78,10.95,6.65,12.32,10.93,-10.03,4.95E-08,9.32E-11,Insoluble,-14.67,1.15E-12,2.16E-15,Insoluble,-10.74,9.70E-09,1.83E-11,Insoluble,Low,No,n/d,n/d,n/d,n/d,n/d,n/d,0.25,2,4,1,1,2,0.17,0,2,3,6.47
Gigantetronenin,CCCCCCCCCCCC/C=C/CCC(C(CCC(C1CCC(O1)CCCCCC(CC1=CC(OC1=O)C)O)O)O)O,C37H66O7,622.92,44,0,0.86,27,7,4,181.81,116.45,n/d,9.12,7.62,3.72,9.56,7.5,-7.67,1.35E-05,2.16E-08,Poorly soluble,-11.46,2.16E-09,3.46E-12,Insoluble,-7.45,2.19E-05,3.52E-08,Poorly soluble,Low,No,n/d,n/d,n/d,n/d,n/d,n/d,-3.62,1,4,1,1,3,0.55,0,1,3,7.56
Javoricin,CCCCCCCCCCCC[C@H]([C@H]1CC[C@@H](O1)[C@@H](CC[C@@H](CCCCCCC[C@H](CC1=C[C@@H](OC1=O)C)O)O)O)O,C35H64O7,596.88,42,0,0.91,26,7,4,172.67,116.45,n/d,8.78,7.06,3.46,8.88,7.04,-7.36,2.63E-05,4.41E-08,Poorly soluble,-11.11,4.66E-09,7.80E-12,Insoluble,-7.4,2.39E-05,4.00E-08,Poorly soluble,Low,No,n/d,n/d,n/d,n/d,n/d,n/d,-3.71,1,4,1,1,2,0.55,0,0,3,7.36
Longifolicin,CCCCCCCCCCCCCC[C@H]([C@H]1CC[C@@H](O1)[C@@H](CC[C@@H](CCCCCCCC1=C[C@@H](OC1=O)C)O)O)O,C35H64O6,580.88,41,0,0.91,26,6,3,171.51,96.22,n/d,10.31,8.09,4.26,9.63,8.07,-8.22,3.49E-06,6.02E-09,Poorly soluble,-12.27,3.12E-10,5.36E-13,Insoluble,-8.35,2.59E-06,4.47E-09,Poorly soluble,Low,No,n/d,n/d,n/d,n/d,n/d,n/d,-2.52,2,4,1,1,2,0.17,0,0,3,7.13
Montecristin,CCCCCCCCCCCC/C=C\CC/C=C\CC[C@H]([C@@H](CCCCCCCCCCC1=C[C@@H](OC1=O)C)O)O,C37H66O4,574.92,41,0,0.81,29,4,2,180.05,66.76,n/d,12.94,10.46,6.07,12.14,10.4,-9.64,1.31E-07,2.28E-10,Poorly soluble,-14.38,2.39E-12,4.16E-15,Insoluble,-9.89,7.41E-08,1.29E-10,Poorly soluble,Low,No,n/d,n/d,n/d,n/d,n/d,n/d,-0.62,2,4,1,1,2,0.17,0,1,3,6.82
Muricadienin,CCCCCCCCCCCC/C=C\CC/C=C\CCCCCCCCCCCCC1=C[C@@H](OC1=O)C,C35H62O2,514.87,37,0,0.8,27,2,0,168.11,26.3,n/d,14.73,11.74,7.44,12.77,11.67,-10.53,1.52E-08,2.95E-11,Insoluble,-15.39,2.10E-13,4.08E-16,Insoluble,-11.02,4.95E-09,9.62E-12,Insoluble,Low,No,n/d,n/d,n/d,n/d,n/d,n/d,1.02,2,4,1,1,2,0.17,0,1,3,5.95
Muricapentocin,CCCCCCCCCCCC[C@H]([C@H]1CC[C@@H](O1)[C@@H](CCC(CCCC(CCC[C@H](CC1=C[C@@H](OC1=O)C)O)O)O)O)O,C35H64O8,612.88,43,0,0.91,26,8,5,173.84,136.68,n/d,7.26,6.03,2.67,8.12,6.02,-6.5,1.95E-04,3.18E-07,Poorly soluble,-9.96,6.80E-08,1.11E-10,Poorly soluble,-6.45,2.19E-04,3.58E-07,Poorly soluble,Low,No,n/d,n/d,n/d,n/d,n/d,n/d,-4.88,1,4,1,2,3,0.55,0,0,3,7.48
Muricatacin,CCCCCCCCCCCC[C@H]([C@H]1CCC(=O)O1)O,C17H32O3,284.43,20,0,0.94,12,3,1,84.17,46.53,n/d,5.75,4.36,3.16,4.96,4.56,-4.43,1.05E-02,3.68E-05,Moderately soluble,-6.5,9.10E-05,3.20E-07,Poorly soluble,-4.7,5.71E-03,2.01E-05,Moderately soluble,High,Yes,n/d,n/d,n/d,n/d,n/d,n/d,-3.95,0,0,1,0,1,0.55,0,0,2,3.84
Muricatenol,CCCCCCCCCCCCCCC[C@H]([C@@H](CC/C=C\CCCC(CCCCCC(CC1=CC(OC1=O)C)O)O)O)O,C37H68O6,608.93,43,0,0.86,30,6,4,182.84,107.22,n/d,10.44,8.63,4.52,10.81,8.6,-8.21,3.73E-06,6.13E-09,Poorly soluble,-12.64,1.41E-10,2.31E-13,Insoluble,-8.7,1.21E-06,1.98E-09,Poorly soluble,Low,No,n/d,n/d,n/d,n/d,n/d,n/d,-2.6,2,4,1,1,3,0.17,0,1,3,7.36
Muricatocin A,CCCCCCCCCCCC[C@H]([C@H]1CC[C@@H](O1)[C@@H](CC[C@@H](C[C@@H](CCCCC[C@H](CC1=C[C@@H](OC1=O)C)O)O)O)O)O,C35H64O8,612.88,43,0,0.91,26,8,5,173.84,136.68,n/d,7.44,6.03,2.67,8.12,6.07,-6.61,1.50E-04,2.45E-07,Poorly soluble,-10.14,4.42E-08,7.21E-11,Insoluble,-6.45,2.19E-04,3.58E-07,Poorly soluble,Low,No,n/d,n/d,n/d,n/d,n/d,n/d,-4.76,1,4,1,2,3,0.55,0,0,3,7.5
Muricatocin B,CCCCCCCCCCCC[C@@H]([C@H]1CC[C@@H](O1)[C@@H](CC[C@@H](C[C@@H](CCCCC[C@H](CC1=C[C@@H](OC1=O)C)O)O)O)O)O,C35H64O8,612.88,43,0,0.91,26,8,5,173.84,136.68,n/d,7.44,6.03,2.67,8.12,6.07,-6.61,1.50E-04,2.45E-07,Poorly soluble,-10.14,4.42E-08,7.21E-11,Insoluble,-6.45,2.19E-04,3.58E-07,Poorly soluble,Low,No,n/d,n/d,n/d,n/d,n/d,n/d,-4.76,1,4,1,2,3,0.55,0,0,3,7.5
Muricatocin C,CCCCCCCCCCCC[C@H]([C@H]1CC[C@@H](O1)[C@@H](CC[C@H](C[C@@H](CCCCC[C@H](CC1=C[C@@H](OC1=O)C)O)O)O)O)O,C35H64O8,612.88,43,0,0.91,26,8,5,173.84,136.68,n/d,7.44,6.03,2.67,8.12,6.07,-6.61,1.50E-04,2.45E-07,Poorly soluble,-10.14,4.42E-08,7.21E-11,Insoluble,-6.45,2.19E-04,3.58E-07,Poorly soluble,Low,No,n/d,n/d,n/d,n/d,n/d,n/d,-4.76,1,4,1,2,3,0.55,0,0,3,7.5
Muricin A,CCCCCC(C(CCCCCC[C@H]([C@H]1CC[C@@H](O1)CCCCCCCCCC[C@H](CC1=C[C@@H](OC1=O)C)O)O)O)O,C35H64O7,596.88,42,0,0.91,26,7,4,172.67,116.45,n/d,8.42,7.06,3.46,8.88,6.95,-7.13,4.43E-05,7.43E-08,Poorly soluble,-10.73,1.10E-08,1.84E-11,Insoluble,-7.4,2.39E-05,4.00E-08,Poorly soluble,Low,No,n/d,n/d,n/d,n/d,n/d,n/d,-3.96,1,4,1,1,2,0.55,0,0,3,7.34
Muricin B,CCCCCC(C(CCCCCC[C@@H]([C@@H]1CC[C@@H](O1)CCCCCCCCCC[C@@H](CC1=C[C@@H](OC1=O)C)O)O)O)O,C35H64O7,596.88,42,0,0.91,26,7,4,172.67,116.45,n/d,8.42,7.06,3.46,8.88,6.95,-7.13,4.43E-05,7.43E-08,Poorly soluble,-10.73,1.10E-08,1.84E-11,Insoluble,-7.4,2.39E-05,4.00E-08,Poorly soluble,Low,No,n/d,n/d,n/d,n/d,n/d,n/d,-3.96,1,4,1,1,2,0.55,0,0,3,7.34
Muricin C,CCCCCCCC(C(CC[C@@H]([C@@H]1CC[C@@H](O1)CCCCCCCCCCCC[C@H](CC1=C[C@@H](OC1=O)C)O)O)O)O,C35H64O7,596.88,42,0,0.91,26,7,4,172.67,116.45,n/d,8.78,7.06,3.46,8.88,7.04,-7.36,2.63E-05,4.41E-08,Poorly soluble,-11.11,4.66E-09,7.80E-12,Insoluble,-7.4,2.39E-05,4.00E-08,Poorly soluble,Low,No,n/d,n/d,n/d,n/d,n/d,n/d,-3.71,1,4,1,1,2,0.55,0,0,3,7.34
Muricin E,CCCCCCCC(C(CCCCC[C@@H]([C@@H]1CC[C@H](O1)CCCCCCC[C@H](CC1=C[C@@H](OC1=O)C)O)O)O)O,C33H60O7,568.83,40,0,0.91,24,7,4,163.06,116.45,n/d,7.33,6.28,3.09,8.02,6.18,-6.4,2.26E-04,3.98E-07,Poorly soluble,-9.6,1.42E-07,2.49E-10,Poorly soluble,-6.62,1.35E-04,2.37E-07,Poorly soluble,Low,No,n/d,n/d,n/d,n/d,n/d,n/d,-4.57,1,4,1,1,2,0.55,0,0,3,7.08
Muricin F,CCCCC(C(C/C=C\CC[C@@H]([C@@H]1CC[C@H](O1)CCCCCCCCCCCC[C@H](CC1=C[C@@H](OC1=O)C)O)O)O)O,C35H62O7,594.86,42,0,0.86,25,7,4,172.2,116.45,n/d,8.04,6.84,3.36,8.7,6.73,-6.94,6.78E-05,1.14E-07,Poorly soluble,-10.34,2.72E-08,4.57E-11,Insoluble,-6.68,1.24E-04,2.08E-07,Poorly soluble,Low,No,n/d,n/d,n/d,n/d,n/d,n/d,-4.22,1,4,1,1,2,0.55,0,1,3,7.3
Muricin G,CCCCCCCC/C=C\CC[C@@H]([C@@H]1CC[C@H](O1)[C@@H](CCCCC(CCCCC[C@H](CC1=C[C@@H](OC1=O)C)O)O)O)O,C35H62O7,594.86,42,0,0.86,25,7,4,172.2,116.45,n/d,7.67,6.84,3.36,8.7,6.64,-6.71,1.16E-04,1.95E-07,Poorly soluble,-9.96,6.59E-08,1.11E-10,Poorly soluble,-6.68,1.24E-04,2.08E-07,Poorly soluble,Low,No,n/d,n/d,n/d,n/d,n/d,n/d,-4.48,1,4,1,1,2,0.55,0,1,3,7.32
Muricin H,CCCCCCC[C@@H]([C@H](CCCC[C@H]([C@H]1CC[C@@H](O1)CCCCCCCCCCCCC1=C[C@@H](OC1=O)C)O)O)O,C35H64O6,580.88,41,0,0.91,26,6,3,171.51,96.22,n/d,9.94,8.09,4.26,9.63,7.98,-7.99,5.98E-06,1.03E-08,Poorly soluble,-11.89,7.54E-10,1.30E-12,Insoluble,-8.35,2.59E-06,4.47E-09,Poorly soluble,Low,No,n/d,n/d,n/d,n/d,n/d,n/d,-2.79,2,4,1,1,2,0.17,0,0,3,7.07
Muricin I,CCCCC/C=C\CC[C@@H]([C@H](CCCC[C@H]([C@H]1CC[C@@H](O1)CCCCCCCCCCCCC1=C[C@@H](OC1=O)C)O)O)O,C37H66O6,606.92,43,0,0.86,27,6,3,180.65,96.22,n/d,10.28,8.65,4.52,10.32,8.44,-8.3,3.06E-06,5.04E-09,Poorly soluble,-12.24,3.50E-10,5.76E-13,Insoluble,-8.41,2.38E-06,3.93E-09,Poorly soluble,Low,No,n/d,n/d,n/d,n/d,n/d,n/d,-2.7,2,4,1,1,3,0.17,0,1,3,7.3
Muricin J,CCCCCCCCCCCC[C@@H]([C@H]1CC[C@@H](O1)[C@@H](CC(CCCCCCCC[C@@H](CC1=C[C@@H](OC1=O)C)O)O)O)O,C35H64O7,596.88,42,0,0.91,26,7,4,172.67,116.45,n/d,8.97,7.06,3.46,8.88,7.09,-7.48,2.00E-05,3.34E-08,Poorly soluble,-11.3,2.96E-09,4.96E-12,Insoluble,-7.4,2.39E-05,4.00E-08,Poorly soluble,Low,No,n/d,n/d,n/d,n/d,n/d,n/d,-3.57,1,4,1,1,2,0.55,0,0,3,7.38
Muricin K,CCCCCCCC(CCCCCCC[C@H]([C@H]1CC[C@@H](O1)[C@@H](CCCCCCC[C@@H](CC1=C[C@@H](OC1=O)C)O)O)O)O,C35H64O7,596.88,42,0,0.91,26,7,4,172.67,116.45,n/d,8.42,7.06,3.46,8.88,6.95,-7.13,4.43E-05,7.43E-08,Poorly soluble,-10.73,1.10E-08,1.84E-11,Insoluble,-7.4,2.39E-05,4.00E-08,Poorly soluble,Low,No,n/d,n/d,n/d,n/d,n/d,n/d,-3.96,1,4,1,1,2,0.55,0,0,3,7.36
Muricin L,CCCCCCCC[C@H]([C@H](CC[C@@H]([C@@H]1CC[C@H](O1)CCCCCCCCCCC[C@@H](CC1=C[C@@H](OC1=O)C)O)O)O)O,C35H64O7,596.88,42,0,0.91,26,7,4,172.67,116.45,n/d,8.78,7.06,3.46,8.88,7.04,-7.36,2.63E-05,4.41E-08,Poorly soluble,-11.11,4.66E-09,7.80E-12,Insoluble,-7.4,2.39E-05,4.00E-08,Poorly soluble,Low,No,n/d,n/d,n/d,n/d,n/d,n/d,-3.71,1,4,1,1,2,0.55,0,0,3,7.34
Muridienin 3,CCCCCCCCCCCCCCCCC=CCCC=CCCCCCCCCCCC1=CC(OC1=O)C,C37H66O2,542.92,39,0,0.81,29,2,0,177.72,26.3,n/d,15.81,12.52,7.8,13.65,12.44,-11.25,3.04E-09,5.59E-12,Insoluble,-16.51,1.68E-14,3.09E-17,Insoluble,-11.79,8.76E-10,1.61E-12,Insoluble,Low,No,n/d,n/d,n/d,n/d,n/d,n/d,1.61,2,4,1,1,2,0.17,0,1,3,6.2
Muridienin 4,CCCCCCCCCCCC/C=C/CC/C=C/CCCCCCCCCCCCCCC1=CC(OC1=O)C,C37H66O2,542.92,39,0,0.81,29,2,0,177.72,26.3,n/d,15.81,12.52,7.8,13.65,12.44,-11.25,3.04E-09,5.59E-12,Insoluble,-16.51,1.68E-14,3.09E-17,Insoluble,-11.79,8.76E-10,1.61E-12,Insoluble,Low,No,n/d,n/d,n/d,n/d,n/d,n/d,1.61,2,4,1,1,2,0.17,0,1,3,6.2
Murisolin,CCCCCCCCCCCC[C@H]([C@H]1CC[C@@H](O1)[C@@H](CCCCCCCCCC[C@H](CC1=C[C@@H](OC1=O)C)O)O)O,C35H64O6,580.88,41,0,0.91,26,6,3,171.51,96.22,n/d,10.31,8.09,4.26,9.63,8.07,-8.22,3.49E-06,6.02E-09,Poorly soluble,-12.27,3.12E-10,5.36E-13,Insoluble,-8.35,2.59E-06,4.47E-09,Poorly soluble,Low,No,n/d,n/d,n/d,n/d,n/d,n/d,-2.52,2,4,1,1,2,0.17,0,0,3,7.23
Sabadelin,CCCCCCCCCCCCCC[C@H]1O[C@H]1CC/C=C\CCCCCCCCCCC1=C[C@@H](OC1=O)C,C35H62O3,530.86,38,0,0.86,27,3,0,167.55,38.83,n/d,13.78,10.95,6.65,12.32,10.93,-10.03,4.95E-08,9.32E-11,Insoluble,-14.67,1.15E-12,2.16E-15,Insoluble,-10.74,9.70E-09,1.83E-11,Insoluble,Low,No,n/d,n/d,n/d,n/d,n/d,n/d,0.25,2,4,1,1,2,0.17,0,2,3,6.47
Xylomaticin,CCCCCCCCCCCCCC[C@H]([C@H]1CC[C@@H](O1)[C@@H](CCCCC(CCCCC[C@H](CC1=C[C@@H](OC1=O)C)O)O)O)O,C37H68O7,624.93,44,0,0.92,28,7,4,182.29,116.45,n/d,9.5,7.84,3.81,9.74,7.72,-7.85,8.80E-06,1.41E-08,Poorly soluble,-11.85,8.73E-10,1.40E-12,Insoluble,-8.17,4.23E-06,6.76E-09,Poorly soluble,Low,No,n/d,n/d,n/d,n/d,n/d,n/d,-3.37,1,4,1,1,3,0.55,0,0,3,7.62