Compound,pdb_id,target,n_grid_centers,best_dg,median_dg,mean_dg,reference_dg_for_binding_calibration,binding_reference_calibrated,binding_calibration_status
Annocatalin,1IVO,EGFR,20,-5.938,-1.6840000000000002,-2.1658884,,,comparative_target_relative_only
Annocatalin,1QX3,Caspase-3,20,-4.777,-2.909,-2.325697,,,comparative_target_relative_only
Annocatalin,2AMA,AR,20,-6.654,-4.904999999999999,-4.83655,-11.09,0.4422903516681695,reference_calibrated
Annocatalin,3MVH,AKT1,20,-6.451,-5.4275,-5.26035,-11.37,0.4773526824978013,reference_calibrated
Annocatalin,3V3N,5AR2,20,-6.988,-6.6434999999999995,-6.595650000000001,-8.963,0.7412138792814906,reference_calibrated
Annocatalin,4JSP,mTOR,20,-6.87,-5.888,-5.78265,-6.578,0.8951048951048951,reference_calibrated
Annocatalin,4LVT,Bcl-2,20,-7.132,-6.5155,-6.2136499999999995,-11.06,0.5891048824593128,reference_calibrated
Annocatalin,5LNK,Complex I,20,-7.452,-6.8475,-6.9154,,,comparative_target_relative_only
Annocatalin,6OAC,PI3Kα,20,-7.407,-6.186,-6.19225,-8.804,0.7026351658337119,reference_calibrated
Annomontacin,1IVO,EGFR,20,-5.669,-1.3345,-2.078459005,,,comparative_target_relative_only
Annomontacin,1QX3,Caspase-3,20,-4.401,-2.925,-2.224605,,,comparative_target_relative_only
Annomontacin,2AMA,AR,20,-7.293,-4.9915,-4.9177,-11.09,0.45009017132551854,reference_calibrated
Annomontacin,3MVH,AKT1,20,-6.304,-5.029,-5.05405,-11.37,0.4423043095866315,reference_calibrated
Annomontacin,3V3N,5AR2,20,-7.537,-6.927,-6.8411,-8.963,0.7728439138681246,reference_calibrated
Annomontacin,4JSP,mTOR,20,-6.129,-5.526,-5.51935,-6.578,0.8400729705077531,reference_calibrated
Annomontacin,4LVT,Bcl-2,20,-7.216,-6.423500000000001,-6.1811,-11.06,0.5807866184448464,reference_calibrated
Annomontacin,5LNK,Complex I,20,-7.234,-6.747,-6.7769,,,comparative_target_relative_only
Annomontacin,6OAC,PI3Kα,20,-7.015,-6.221,-6.2127,-8.804,0.7066106315311222,reference_calibrated
Annomuricatin A,1IVO,EGFR,20,-7.705,-2.3945,-3.13444621,,,comparative_target_relative_only
Annomuricatin A,1QX3,Caspase-3,20,-7.583,-4.757,-3.518281625,,,comparative_target_relative_only
Annomuricatin A,2AMA,AR,20,-8.593,-7.1995000000000005,-6.861199999999999,-11.09,0.6491884580703337,reference_calibrated
Annomuricatin A,3MVH,AKT1,20,-7.138,-6.6415,-6.6486,-11.37,0.5841248900615655,reference_calibrated
Annomuricatin A,3V3N,5AR2,20,-9.219,-8.533999999999999,-8.58895,-8.963,0.9521365614191677,reference_calibrated
Annomuricatin A,4JSP,mTOR,20,-8.401,-7.8815,-7.821949999999999,-6.578,1.0,reference_calibrated
Annomuricatin A,4LVT,Bcl-2,20,-8.677,-7.952,-7.77375,-11.06,0.7189873417721518,reference_calibrated
Annomuricatin A,5LNK,Complex I,20,-9.678,-8.898499999999999,-8.84485,,,comparative_target_relative_only
Annomuricatin A,6OAC,PI3Kα,20,-10.16,-8.7055,-8.7922,-8.804,0.9888119036801455,reference_calibrated
Annomuricatin B,1IVO,EGFR,20,-8.693,-2.6325000000000003,-3.47370467,,,comparative_target_relative_only
Annomuricatin B,1QX3,Caspase-3,20,-7.669,-5.5504999999999995,-4.03225852,,,comparative_target_relative_only
Annomuricatin B,2AMA,AR,20,-9.689,-7.455,-7.251950000000001,-11.09,0.6722272317403066,reference_calibrated
Annomuricatin B,3MVH,AKT1,20,-8.129,-7.885,-7.842650000000001,-11.37,0.6934916446789798,reference_calibrated
Annomuricatin B,3V3N,5AR2,20,-10.86,-10.04,-9.9611,-8.963,1.0,reference_calibrated
Annomuricatin B,4JSP,mTOR,20,-10.01,-9.625,-9.42115,-6.578,1.0,reference_calibrated
Annomuricatin B,4LVT,Bcl-2,20,-9.483,-8.2,-8.3823,-11.06,0.7414104882459311,reference_calibrated
Annomuricatin B,5LNK,Complex I,20,-10.27,-9.4835,-9.57985,,,comparative_target_relative_only
Annomuricatin B,6OAC,PI3Kα,20,-11.07,-9.317499999999999,-9.44445,-8.804,1.0,reference_calibrated
Annomuricin A,1IVO,EGFR,20,-5.642,-1.4743499999999998,-2.18369635,,,comparative_target_relative_only
Annomuricin A,1QX3,Caspase-3,20,-4.781,-3.259,-2.43793,,,comparative_target_relative_only
Annomuricin A,2AMA,AR,20,-6.99,-5.1885,-5.0551,-11.09,0.4678539224526601,reference_calibrated
Annomuricin A,3MVH,AKT1,20,-6.739,-5.5015,-5.28395,-11.37,0.4838610378188215,reference_calibrated
Annomuricin A,3V3N,5AR2,20,-7.775,-6.894,-6.99265,-8.963,0.7691621109003682,reference_calibrated
Annomuricin A,4JSP,mTOR,20,-6.673,-5.843,-5.8340499999999995,-6.578,0.8882639100030404,reference_calibrated
Annomuricin A,4LVT,Bcl-2,20,-7.382,-6.4515,-6.2015,-11.06,0.5833182640144665,reference_calibrated
Annomuricin A,5LNK,Complex I,20,-7.337,-6.9125,-6.9485,,,comparative_target_relative_only
Annomuricin A,6OAC,PI3Kα,20,-7.399,-6.2415,-6.382350000000001,-8.804,0.7089391185824625,reference_calibrated
Annomuricin B,1IVO,EGFR,20,-5.482,-1.76995,-2.1231385,,,comparative_target_relative_only
Annomuricin B,1QX3,Caspase-3,20,-4.711,-3.1295,-2.3525,,,comparative_target_relative_only
Annomuricin B,2AMA,AR,20,-7.259,-5.2895,-5.1191,-11.09,0.4769612263300271,reference_calibrated
Annomuricin B,3MVH,AKT1,20,-6.45,-5.2905,-5.2619,-11.37,0.4653034300791557,reference_calibrated
Annomuricin B,3V3N,5AR2,20,-7.496,-6.7995,-6.7711500000000004,-8.963,0.7586187660381569,reference_calibrated
Annomuricin B,4JSP,mTOR,20,-6.734,-5.9505,-5.90895,-6.578,0.9046062633019154,reference_calibrated
Annomuricin B,4LVT,Bcl-2,20,-7.362,-6.6785,-6.345750000000001,-11.06,0.6038426763110307,reference_calibrated
Annomuricin B,5LNK,Complex I,20,-7.673,-6.9030000000000005,-6.96495,,,comparative_target_relative_only
Annomuricin B,6OAC,PI3Kα,20,-7.536,-6.314,-6.33315,-8.804,0.7171740118128124,reference_calibrated
Annomuricin C,1IVO,EGFR,20,-6.07,-1.6792500000000001,-2.12808985,,,comparative_target_relative_only
Annomuricin C,1QX3,Caspase-3,20,-4.859,-2.731,-2.260437,,,comparative_target_relative_only
Annomuricin C,2AMA,AR,20,-6.893,-5.0055,-4.95265,-11.09,0.4513525698827772,reference_calibrated
Annomuricin C,3MVH,AKT1,20,-6.117,-5.243,-5.200200000000001,-11.37,0.4611257695690414,reference_calibrated
Annomuricin C,3V3N,5AR2,20,-7.923,-6.862,-6.9184,-8.963,0.7655918777195136,reference_calibrated
Annomuricin C,4JSP,mTOR,20,-6.472,-5.861000000000001,-5.86995,-6.578,0.8910003040437824,reference_calibrated
Annomuricin C,4LVT,Bcl-2,20,-7.41,-6.7405,-6.35405,-11.06,0.6094484629294755,reference_calibrated
Annomuricin C,5LNK,Complex I,20,-7.406,-6.9955,-7.006449999999999,,,comparative_target_relative_only
Annomuricin C,6OAC,PI3Kα,20,-7.385,-6.476,-6.39125,-8.804,0.7355747387551113,reference_calibrated
Annomuricin D,1IVO,EGFR,20,-5.888,-1.46115,-2.1506145,,,comparative_target_relative_only
Annomuricin D,1QX3,Caspase-3,20,-4.707,-3.204,-2.3584815,,,comparative_target_relative_only
Annomuricin D,2AMA,AR,20,-6.647,-5.391,-5.13455,-11.09,0.4861136158701533,reference_calibrated
Annomuricin D,3MVH,AKT1,20,-6.578,-5.2755,-5.3332,-11.37,0.4639841688654354,reference_calibrated
Annomuricin D,3V3N,5AR2,20,-7.629,-7.0600000000000005,-7.02855,-8.963,0.7876826955260516,reference_calibrated
Annomuricin D,4JSP,mTOR,20,-6.704,-5.749499999999999,-5.8571,-6.578,0.8740498631802979,reference_calibrated
Annomuricin D,4LVT,Bcl-2,20,-7.467,-6.695,-6.2869,-11.06,0.6053345388788427,reference_calibrated
Annomuricin D,5LNK,Complex I,20,-7.366,-7.012499999999999,-7.0230999999999995,,,comparative_target_relative_only
Annomuricin D,6OAC,PI3Kα,20,-7.695,-6.4435,-6.452299999999999,-8.804,0.7318832348932304,reference_calibrated
Annomuricin E,1IVO,EGFR,20,-5.702,-1.7621499999999999,-2.133287965,,,comparative_target_relative_only
Annomuricin E,1QX3,Caspase-3,20,-4.476,-3.223,-2.3382195,,,comparative_target_relative_only
Annomuricin E,2AMA,AR,20,-6.196,-5.226,-5.0643,-11.09,0.47123534715960325,reference_calibrated
Annomuricin E,3MVH,AKT1,20,-6.134,-5.496,-5.33615,-11.37,0.4833773087071241,reference_calibrated
Annomuricin E,3V3N,5AR2,20,-7.558,-6.8715,-6.9613,-8.963,0.7666517906950798,reference_calibrated
Annomuricin E,4JSP,mTOR,20,-6.527,-5.9245,-5.9237,-6.578,0.900653694131955,reference_calibrated
Annomuricin E,4LVT,Bcl-2,20,-7.227,-6.439500000000001,-6.33975,-11.06,0.5822332730560579,reference_calibrated
Annomuricin E,5LNK,Complex I,20,-7.602,-7.1075,-7.116899999999999,,,comparative_target_relative_only
Annomuricin E,6OAC,PI3Kα,20,-7.434,-6.3025,-6.3073500000000005,-8.804,0.7158677873693775,reference_calibrated
Annomutacin,1IVO,EGFR,20,-5.4,-1.44935,-2.109592,,,comparative_target_relative_only
Annomutacin,1QX3,Caspase-3,20,-4.608,-2.9275,-2.2798059999999998,,,comparative_target_relative_only
Annomutacin,2AMA,AR,20,-6.556,-5.1185,-4.722099999999999,-11.09,0.4615419296663661,reference_calibrated
Annomutacin,3MVH,AKT1,20,-6.119,-5.1045,-5.03355,-11.37,0.4489445910290238,reference_calibrated
Annomutacin,3V3N,5AR2,20,-7.471,-6.843,-6.8224,-8.963,0.7634720517683812,reference_calibrated
Annomutacin,4JSP,mTOR,20,-6.64,-5.741,-5.5924,-6.578,0.8727576771055031,reference_calibrated
Annomutacin,4LVT,Bcl-2,20,-7.077,-6.147,-6.0527999999999995,-11.06,0.5557866184448463,reference_calibrated
Annomutacin,5LNK,Complex I,20,-7.609,-6.9665,-6.956950000000001,,,comparative_target_relative_only
Annomutacin,6OAC,PI3Kα,20,-7.107,-5.9510000000000005,-6.1042000000000005,-8.804,0.6759427532939574,reference_calibrated
Annonacin,1IVO,EGFR,20,-5.555,-1.605,-2.1515518499999997,,,comparative_target_relative_only
Annonacin,1QX3,Caspase-3,20,-4.779,-2.8825000000000003,-2.30092015,,,comparative_target_relative_only
Annonacin,2AMA,AR,20,-6.135,-5.0145,-4.87815,-11.09,0.45216411181244365,reference_calibrated
Annonacin,3MVH,AKT1,20,-6.223,-5.4085,-5.193350000000001,-11.37,0.47568161829375555,reference_calibrated
Annonacin,3V3N,5AR2,20,-7.42,-6.9595,-6.9273,-8.963,0.7764699319424301,reference_calibrated
Annonacin,4JSP,mTOR,20,-6.5,-5.679,-5.66275,-6.578,0.863332319854059,reference_calibrated
Annonacin,4LVT,Bcl-2,20,-7.37,-6.640000000000001,-6.19615,-11.06,0.600361663652803,reference_calibrated
Annonacin,5LNK,Complex I,20,-7.519,-6.8535,-6.9083,,,comparative_target_relative_only
Annonacin,6OAC,PI3Kα,20,-7.139,-6.3294999999999995,-6.3031500000000005,-8.804,0.718934575193094,reference_calibrated
Annonacin A,1IVO,EGFR,20,-5.642,-1.4911999999999999,-2.1300908499999998,,,comparative_target_relative_only
Annonacin A,1QX3,Caspase-3,20,-4.815,-3.067,-2.2947628,,,comparative_target_relative_only
Annonacin A,2AMA,AR,20,-7.51,-4.9955,-4.91765,-11.09,0.45045085662759243,reference_calibrated
Annonacin A,3MVH,AKT1,20,-6.135,-5.077999999999999,-5.0775500000000005,-11.37,0.4466138962181178,reference_calibrated
Annonacin A,3V3N,5AR2,20,-7.548,-6.751,-6.78065,-8.963,0.7532076313734242,reference_calibrated
Annonacin A,4JSP,mTOR,20,-6.607,-5.821,-5.8569,-6.578,0.8849194283976892,reference_calibrated
Annonacin A,4LVT,Bcl-2,20,-7.315,-6.8580000000000005,-6.2387500000000005,-11.06,0.6200723327305606,reference_calibrated
Annonacin A,5LNK,Complex I,20,-7.249,-7.022,-6.993399999999999,,,comparative_target_relative_only
Annonacin A,6OAC,PI3Kα,20,-6.847,-6.339499999999999,-6.206049999999999,-8.804,0.7200704225352111,reference_calibrated
Annonacinone,1IVO,EGFR,20,-5.848,-1.3683999999999998,-1.9782265000000003,,,comparative_target_relative_only
Annonacinone,1QX3,Caspase-3,20,-4.434,-2.9395,-2.23912135,,,comparative_target_relative_only
Annonacinone,2AMA,AR,20,-6.443,-4.7875,-4.78995,-11.09,0.4316952209197475,reference_calibrated
Annonacinone,3MVH,AKT1,20,-6.271,-5.305,-5.2034,-11.37,0.46657871591908534,reference_calibrated
Annonacinone,3V3N,5AR2,20,-7.347,-6.929,-6.7789,-8.963,0.773067053441928,reference_calibrated
Annonacinone,4JSP,mTOR,20,-6.499,-5.752000000000001,-5.7673499999999995,-6.578,0.8744299179081788,reference_calibrated
Annonacinone,4LVT,Bcl-2,20,-7.244,-6.387499999999999,-6.19435,-11.06,0.5775316455696201,reference_calibrated
Annonacinone,5LNK,Complex I,20,-7.348,-6.8505,-6.8248999999999995,,,comparative_target_relative_only
Annonacinone,6OAC,PI3Kα,20,-7.264,-6.2315000000000005,-6.2738,-8.804,0.7078032712403454,reference_calibrated
Annopentocin A,1IVO,EGFR,20,-6.014,-1.5899999999999999,-2.21809985,,,comparative_target_relative_only
Annopentocin A,1QX3,Caspase-3,20,-4.622,-2.9295,-2.381018365,,,comparative_target_relative_only
Annopentocin A,2AMA,AR,20,-6.403,-4.9285,-4.944,-11.09,0.4444093778178539,reference_calibrated
Annopentocin A,3MVH,AKT1,20,-6.378,-5.2940000000000005,-5.3525,-11.37,0.4656112576956905,reference_calibrated
Annopentocin A,3V3N,5AR2,20,-7.512,-7.0335,-6.96815,-8.963,0.7847260961731564,reference_calibrated
Annopentocin A,4JSP,mTOR,20,-6.564,-5.9955,-5.9788,-6.578,0.9114472484037701,reference_calibrated
Annopentocin A,4LVT,Bcl-2,20,-7.554,-6.4075,-6.36275,-11.06,0.5793399638336346,reference_calibrated
Annopentocin A,5LNK,Complex I,20,-7.405,-7.064500000000001,-7.04585,,,comparative_target_relative_only
Annopentocin A,6OAC,PI3Kα,20,-7.336,-6.199,-6.2877,-8.804,0.7041117673784643,reference_calibrated
Annopentocin B,1IVO,EGFR,20,-5.658,-1.6247,-2.1953814,,,comparative_target_relative_only
Annopentocin B,1QX3,Caspase-3,20,-4.964,-3.2305,-2.4788548500000003,,,comparative_target_relative_only
Annopentocin B,2AMA,AR,20,-6.964,-4.980499999999999,-4.8919,-11.09,0.4490982867448151,reference_calibrated
Annopentocin B,3MVH,AKT1,20,-6.461,-5.6265,-5.4723,-11.37,0.4948548812664908,reference_calibrated
Annopentocin B,3V3N,5AR2,20,-7.54,-7.0205,-7.025,-8.963,0.7832756889434342,reference_calibrated
Annopentocin B,4JSP,mTOR,20,-6.639,-5.6530000000000005,-5.68545,-6.578,0.8593797506840986,reference_calibrated
Annopentocin B,4LVT,Bcl-2,20,-7.496,-6.378500000000001,-6.25955,-11.06,0.5767179023508138,reference_calibrated
Annopentocin B,5LNK,Complex I,20,-7.636,-7.0985,-7.11225,,,comparative_target_relative_only
Annopentocin B,6OAC,PI3Kα,20,-7.31,-6.218,-6.2713,-8.804,0.706269877328487,reference_calibrated
Annoreticuin-9-one,1IVO,EGFR,20,-5.843,-1.59905,-2.0615503,,,comparative_target_relative_only
Annoreticuin-9-one,1QX3,Caspase-3,20,-4.677,-2.917,-2.2054125,,,comparative_target_relative_only
Annoreticuin-9-one,2AMA,AR,20,-6.279,-5.041,-5.018050000000001,-11.09,0.4545536519386835,reference_calibrated
Annoreticuin-9-one,3MVH,AKT1,20,-5.953,-5.395,-5.20665,-11.37,0.4744942832014072,reference_calibrated
Annoreticuin-9-one,3V3N,5AR2,20,-7.186,-6.7895,-6.74045,-8.963,0.7575030681691399,reference_calibrated
Annoreticuin-9-one,4JSP,mTOR,20,-6.924,-6.023,-5.92395,-6.578,0.915627850410459,reference_calibrated
Annoreticuin-9-one,4LVT,Bcl-2,20,-7.34,-6.3225,-6.28715,-11.06,0.5716546112115732,reference_calibrated
Annoreticuin-9-one,5LNK,Complex I,20,-7.143,-6.7445,-6.76975,,,comparative_target_relative_only
Annoreticuin-9-one,6OAC,PI3Kα,20,-7.679,-6.246,-6.3643,-8.804,0.7094502498864153,reference_calibrated
Cis-Corossolone,1IVO,EGFR,20,-5.678,-1.6787,-2.03402935,,,comparative_target_relative_only
Cis-Corossolone,1QX3,Caspase-3,20,-4.63,-2.6555,-2.1475935,,,comparative_target_relative_only
Cis-Corossolone,2AMA,AR,20,-6.786,-4.951499999999999,-4.80835,-11.09,0.44648331830477905,reference_calibrated
Cis-Corossolone,3MVH,AKT1,20,-5.711,-5.0985,-5.00495,-11.37,0.4484168865435356,reference_calibrated
Cis-Corossolone,3V3N,5AR2,20,-7.123,-6.75,-6.7109499999999995,-8.963,0.7530960615865224,reference_calibrated
Cis-Corossolone,4JSP,mTOR,20,-6.802,-5.5945,-5.61695,-6.578,0.8504864700516874,reference_calibrated
Cis-Corossolone,4LVT,Bcl-2,20,-7.199,-6.9395,-6.19155,-11.06,0.6274412296564195,reference_calibrated
Cis-Corossolone,5LNK,Complex I,20,-7.057,-6.577999999999999,-6.61275,,,comparative_target_relative_only
Cis-Corossolone,6OAC,PI3Kα,20,-7.072,-5.932,-6.050050000000001,-8.804,0.6737846433439346,reference_calibrated
Cohibin A,1IVO,EGFR,20,-5.143,-1.3840499999999998,-1.887867,,,comparative_target_relative_only
Cohibin A,1QX3,Caspase-3,20,-4.368,-2.5199999999999996,-2.1083015,,,comparative_target_relative_only
Cohibin A,2AMA,AR,20,-5.975,-4.4055,-4.37615,-11.09,0.3972497745716862,reference_calibrated
Cohibin A,3MVH,AKT1,20,-6.239,-4.587,-4.694850000000001,-11.37,0.4034300791556728,reference_calibrated
Cohibin A,3V3N,5AR2,20,-6.859,-6.2509999999999994,-6.1091,-8.963,0.6974227379225706,reference_calibrated
Cohibin A,4JSP,mTOR,20,-6.421,-5.2965,-5.3218499999999995,-6.578,0.8051839464882943,reference_calibrated
Cohibin A,4LVT,Bcl-2,20,-7.168,-5.962,-5.8298000000000005,-11.06,0.5390596745027124,reference_calibrated
Cohibin A,5LNK,Complex I,20,-6.889,-6.3740000000000006,-6.37315,,,comparative_target_relative_only
Cohibin A,6OAC,PI3Kα,20,-6.725,-5.6215,-5.72955,-8.804,0.6385165833711949,reference_calibrated
Cohibin B,1IVO,EGFR,20,-5.454,-1.5667499999999999,-1.9471844,,,comparative_target_relative_only
Cohibin B,1QX3,Caspase-3,20,-4.356,-2.841,-2.21174,,,comparative_target_relative_only
Cohibin B,2AMA,AR,20,-7.002,-4.4895,-4.5138,-11.09,0.4048241659152389,reference_calibrated
Cohibin B,3MVH,AKT1,20,-6.016,-4.49,-4.57255,-11.37,0.3948988566402815,reference_calibrated
Cohibin B,3V3N,5AR2,20,-6.824,-6.2645,-6.1889,-8.963,0.6989289300457436,reference_calibrated
Cohibin B,4JSP,mTOR,20,-6.028,-5.2015,-5.20645,-6.578,0.7907418668288233,reference_calibrated
Cohibin B,4LVT,Bcl-2,20,-6.944,-6.3525,-5.945,-11.06,0.5743670886075949,reference_calibrated
Cohibin B,5LNK,Complex I,20,-6.785,-6.346,-6.3542000000000005,,,comparative_target_relative_only
Cohibin B,6OAC,PI3Kα,20,-6.411,-5.6045,-5.63885,-8.804,0.6365856428895956,reference_calibrated
Cohibin C,1IVO,EGFR,20,-5.052,-1.3288,-1.7758226999999998,,,comparative_target_relative_only
Cohibin C,1QX3,Caspase-3,20,-4.33,-2.9785,-2.16063665,,,comparative_target_relative_only
Cohibin C,2AMA,AR,20,-6.787,-4.4559999999999995,-4.5542,-11.09,0.40180342651036965,reference_calibrated
Cohibin C,3MVH,AKT1,20,-5.785,-4.0455,-4.382949999999999,-11.37,0.3558047493403694,reference_calibrated
Cohibin C,3V3N,5AR2,20,-6.667,-6.2315000000000005,-6.209,-8.963,0.6952471270779874,reference_calibrated
Cohibin C,4JSP,mTOR,20,-5.777,-5.215,-5.17,-6.578,0.7927941623593797,reference_calibrated
Cohibin C,4LVT,Bcl-2,20,-7.008,-6.318,-5.74355,-11.06,0.5712477396021699,reference_calibrated
Cohibin C,5LNK,Complex I,20,-6.571,-6.2785,-6.28815,,,comparative_target_relative_only
Cohibin C,6OAC,PI3Kα,20,-6.913,-5.775,-5.7915,-8.804,0.6559518400726942,reference_calibrated
Cohibin D,1IVO,EGFR,20,-5.044,-1.3279,-1.8351140000000001,,,comparative_target_relative_only
Cohibin D,1QX3,Caspase-3,20,-4.29,-2.286,-2.0652250000000003,,,comparative_target_relative_only
Cohibin D,2AMA,AR,20,-6.653,-4.41,-4.4115,-11.09,0.3976555455365194,reference_calibrated
Cohibin D,3MVH,AKT1,20,-5.604,-4.093999999999999,-4.40275,-11.37,0.3600703605980651,reference_calibrated
Cohibin D,3V3N,5AR2,20,-6.63,-6.3325,-6.2619,-8.963,0.7065156755550597,reference_calibrated
Cohibin D,4JSP,mTOR,20,-6.019,-5.197,-5.1901,-6.578,0.7900577683186378,reference_calibrated
Cohibin D,4LVT,Bcl-2,20,-6.761,-6.228,-5.74015,-11.06,0.5631103074141048,reference_calibrated
Cohibin D,5LNK,Complex I,20,-7.13,-6.3195,-6.3339,,,comparative_target_relative_only
Cohibin D,6OAC,PI3Kα,20,-6.1,-5.5665,-5.618399999999999,-8.804,0.6322694229895501,reference_calibrated
Corossoline,1IVO,EGFR,20,-5.405,-1.5114999999999998,-1.99411535,,,comparative_target_relative_only
Corossoline,1QX3,Caspase-3,20,-4.352,-2.877,-2.2261315,,,comparative_target_relative_only
Corossoline,2AMA,AR,20,-7.074,-4.9055,-4.80745,-11.09,0.4423354373309288,reference_calibrated
Corossoline,3MVH,AKT1,20,-6.185,-5.2935,-5.07835,-11.37,0.46556728232189976,reference_calibrated
Corossoline,3V3N,5AR2,20,-7.321,-6.805,-6.834300000000001,-8.963,0.7592323998661163,reference_calibrated
Corossoline,4JSP,mTOR,20,-6.439,-5.632,-5.5215000000000005,-6.578,0.8561872909698995,reference_calibrated
Corossoline,4LVT,Bcl-2,20,-7.37,-6.5205,-6.1996,-11.06,0.5895569620253165,reference_calibrated
Corossoline,5LNK,Complex I,20,-7.048,-6.781499999999999,-6.7764,,,comparative_target_relative_only
Corossoline,6OAC,PI3Kα,20,-7.356,-6.1355,-6.16715,-8.804,0.69689913675602,reference_calibrated
Corossolone,1IVO,EGFR,20,-5.362,-1.4405000000000001,-1.9151666500000002,,,comparative_target_relative_only
Corossolone,1QX3,Caspase-3,20,-4.323,-3.0244999999999997,-2.2393677500000004,,,comparative_target_relative_only
Corossolone,2AMA,AR,20,-6.916,-4.8415,-4.9131,-11.09,0.4365644724977457,reference_calibrated
Corossolone,3MVH,AKT1,20,-5.866,-4.757,-4.935499999999999,-11.37,0.4183817062445031,reference_calibrated
Corossolone,3V3N,5AR2,20,-7.306,-6.7125,-6.7821,-8.963,0.7489121945777084,reference_calibrated
Corossolone,4JSP,mTOR,20,-6.487,-5.4145,-5.4886,-6.578,0.8231225296442688,reference_calibrated
Corossolone,4LVT,Bcl-2,20,-7.46,-6.2585,-6.1116,-11.06,0.565867992766727,reference_calibrated
Corossolone,5LNK,Complex I,20,-7.584,-6.7935,-6.85445,,,comparative_target_relative_only
Corossolone,6OAC,PI3Kα,20,-7.52,-6.035,-6.107950000000001,-8.804,0.6854838709677419,reference_calibrated
Epomuricenin A,1IVO,EGFR,20,-5.096,-1.22935,-1.8071508,,,comparative_target_relative_only
Epomuricenin A,1QX3,Caspase-3,20,-4.029,-2.623,-1.9948825,,,comparative_target_relative_only
Epomuricenin A,2AMA,AR,20,-6.695,-4.4975000000000005,-4.48545,-11.09,0.4055455365193869,reference_calibrated
Epomuricenin A,3MVH,AKT1,20,-6.346,-4.313,-4.4011499999999995,-11.37,0.3793315743183817,reference_calibrated
Epomuricenin A,3V3N,5AR2,20,-6.637,-6.184,-6.16175,-8.963,0.6899475622001563,reference_calibrated
Epomuricenin A,4JSP,mTOR,20,-5.741,-5.038,-5.1030500000000005,-6.578,0.7658862876254181,reference_calibrated
Epomuricenin A,4LVT,Bcl-2,20,-7.022,-6.409,-5.801550000000001,-11.06,0.5794755877034358,reference_calibrated
Epomuricenin A,5LNK,Complex I,20,-6.381,-6.042,-5.9826,,,comparative_target_relative_only
Epomuricenin A,6OAC,PI3Kα,20,-7.157,-5.489,-5.6168,-8.804,0.6234666060881418,reference_calibrated
Epomuricenin B,1IVO,EGFR,20,-5.202,-1.4581499999999998,-1.8551474,,,comparative_target_relative_only
Epomuricenin B,1QX3,Caspase-3,20,-4.059,-2.516,-1.9616300500000001,,,comparative_target_relative_only
Epomuricenin B,2AMA,AR,20,-6.873,-4.4094999999999995,-4.424300000000001,-11.09,0.3976104598737601,reference_calibrated
Epomuricenin B,3MVH,AKT1,20,-5.943,-4.242,-4.36365,-11.37,0.37308707124010554,reference_calibrated
Epomuricenin B,3V3N,5AR2,20,-6.813,-6.3185,-6.23315,-8.963,0.7049536985384359,reference_calibrated
Epomuricenin B,4JSP,mTOR,20,-5.803,-5.2844999999999995,-5.2235,-6.578,0.8033596837944663,reference_calibrated
Epomuricenin B,4LVT,Bcl-2,20,-7.038,-6.625500000000001,-5.8434,-11.06,0.5990506329113925,reference_calibrated
Epomuricenin B,5LNK,Complex I,20,-6.385,-5.944,-5.9413,,,comparative_target_relative_only
Epomuricenin B,6OAC,PI3Kα,20,-6.92,-5.434,-5.45475,-8.804,0.617219445706497,reference_calibrated
Epoxymurin A,1IVO,EGFR,20,-5.199,-1.45435,-1.7931252,,,comparative_target_relative_only
Epoxymurin A,1QX3,Caspase-3,20,-3.928,-2.578,-2.003855,,,comparative_target_relative_only
Epoxymurin A,2AMA,AR,20,-7.132,-4.737,-4.4637,-11.09,0.42714156898106403,reference_calibrated
Epoxymurin A,3MVH,AKT1,20,-5.853,-4.367,-4.5046,-11.37,0.3840809146877749,reference_calibrated
Epoxymurin A,3V3N,5AR2,20,-6.392,-6.140000000000001,-6.033250000000001,-8.963,0.6850384915764812,reference_calibrated
Epoxymurin A,4JSP,mTOR,20,-6.187,-5.2395,-5.139200000000001,-6.578,0.7965186986926116,reference_calibrated
Epoxymurin A,4LVT,Bcl-2,20,-6.885,-5.9795,-5.70465,-11.06,0.5406419529837251,reference_calibrated
Epoxymurin A,5LNK,Complex I,20,-6.34,-6.047000000000001,-6.0506,,,comparative_target_relative_only
Epoxymurin A,6OAC,PI3Kα,20,-6.312,-5.390499999999999,-5.4881,-8.804,0.612278509768287,reference_calibrated
Gigantetronenin,1IVO,EGFR,20,-5.422,-1.5198500000000001,-2.1044772,,,comparative_target_relative_only
Gigantetronenin,1QX3,Caspase-3,20,-4.908,-2.9939999999999998,-2.328474,,,comparative_target_relative_only
Gigantetronenin,2AMA,AR,20,-7.366,-5.0,-4.99985,-11.09,0.4508566275924256,reference_calibrated
Gigantetronenin,3MVH,AKT1,20,-6.229,-5.357,-5.1684,-11.37,0.4711521547933158,reference_calibrated
Gigantetronenin,3V3N,5AR2,20,-7.371,-6.8065,-6.841500000000001,-8.963,0.7593997545464689,reference_calibrated
Gigantetronenin,4JSP,mTOR,20,-6.649,-5.734999999999999,-5.8231,-6.578,0.8718455457585891,reference_calibrated
Gigantetronenin,4LVT,Bcl-2,20,-7.204,-6.861000000000001,-6.1207,-11.06,0.6203435804701628,reference_calibrated
Gigantetronenin,5LNK,Complex I,20,-7.695,-7.2035,-7.204949999999999,,,comparative_target_relative_only
Gigantetronenin,6OAC,PI3Kα,20,-7.557,-6.3975,-6.33765,-8.804,0.7266583371194911,reference_calibrated
Isoannonacin,1IVO,EGFR,20,-6.143,-1.4382,-2.13299457,,,comparative_target_relative_only
Isoannonacin,1QX3,Caspase-3,20,-4.39,-2.7510000000000003,-2.2835749499999998,,,comparative_target_relative_only
Isoannonacin,2AMA,AR,20,-6.09,-5.2595,-4.905015000000001,-11.09,0.4742560865644725,reference_calibrated
Isoannonacin,3MVH,AKT1,20,-6.218,-5.1715,-5.146050000000001,-11.37,0.4548372911169745,reference_calibrated
Isoannonacin,3V3N,5AR2,20,-7.225,-6.74,-6.760599999999999,-8.963,0.7519803637175054,reference_calibrated
Isoannonacin,4JSP,mTOR,20,-6.722,-5.7829999999999995,-5.83395,-6.578,0.8791425965339008,reference_calibrated
Isoannonacin,4LVT,Bcl-2,20,-7.295,-6.2940000000000005,-6.22015,-11.06,0.5690777576853526,reference_calibrated
Isoannonacin,5LNK,Complex I,20,-7.45,-6.869999999999999,-6.89885,,,comparative_target_relative_only
Isoannonacin,6OAC,PI3Kα,20,-7.031,-6.1884999999999994,-6.2722,-8.804,0.7029191276692411,reference_calibrated
Isoannonacinone,1IVO,EGFR,20,-5.248,-1.3552499999999998,-1.9980266749999998,,,comparative_target_relative_only
Isoannonacinone,1QX3,Caspase-3,20,-4.159,-2.9124999999999996,-2.2448164999999998,,,comparative_target_relative_only
Isoannonacinone,2AMA,AR,20,-6.759,-5.029,-4.9438,-11.09,0.4534715960324617,reference_calibrated
Isoannonacinone,3MVH,AKT1,20,-6.075,-5.059,-5.08675,-11.37,0.44494283201407214,reference_calibrated
Isoannonacinone,3V3N,5AR2,20,-7.258,-6.6545000000000005,-6.7371,-8.963,0.7424411469374095,reference_calibrated
Isoannonacinone,4JSP,mTOR,20,-6.859,-5.8149999999999995,-5.81745,-6.578,0.8840072970507752,reference_calibrated
Isoannonacinone,4LVT,Bcl-2,20,-7.556,-6.6405,-6.3139,-11.06,0.6004068716094032,reference_calibrated
Isoannonacinone,5LNK,Complex I,20,-7.478,-6.7620000000000005,-6.7798,,,comparative_target_relative_only
Isoannonacinone,6OAC,PI3Kα,20,-7.149,-6.2330000000000005,-6.32615,-8.804,0.7079736483416629,reference_calibrated
Javoricin,1IVO,EGFR,20,-5.553,-1.4466999999999999,-2.102504945,,,comparative_target_relative_only
Javoricin,1QX3,Caspase-3,20,-4.415,-3.267,-2.3204278,,,comparative_target_relative_only
Javoricin,2AMA,AR,20,-7.408,-5.0649999999999995,-4.91645,-11.09,0.4567177637511271,reference_calibrated
Javoricin,3MVH,AKT1,20,-6.302,-5.276,-5.224,-11.37,0.46402814423922606,reference_calibrated
Javoricin,3V3N,5AR2,20,-7.467,-6.8045,-6.8051,-8.963,0.7591766149726654,reference_calibrated
Javoricin,4JSP,mTOR,20,-6.662,-5.6475,-5.7804,-6.578,0.8585436302827607,reference_calibrated
Javoricin,4LVT,Bcl-2,20,-7.319,-6.7555,-6.1095500000000005,-11.06,0.6108047016274863,reference_calibrated
Javoricin,5LNK,Complex I,20,-7.356,-6.98,-6.9753,,,comparative_target_relative_only
Javoricin,6OAC,PI3Kα,20,-7.279,-6.0969999999999995,-6.15015,-8.804,0.6925261244888686,reference_calibrated
Longifolicin,1IVO,EGFR,20,-5.643,-1.78215,-2.0728894,,,comparative_target_relative_only
Longifolicin,1QX3,Caspase-3,20,-4.5,-2.9735,-2.3113161,,,comparative_target_relative_only
Longifolicin,2AMA,AR,20,-7.069,-4.9315,-4.9648,-11.09,0.44467989179440937,reference_calibrated
Longifolicin,3MVH,AKT1,20,-6.202,-5.332000000000001,-5.14955,-11.37,0.46895338610378196,reference_calibrated
Longifolicin,3V3N,5AR2,20,-7.108,-6.7355,-6.7149,-8.963,0.7514782996764476,reference_calibrated
Longifolicin,4JSP,mTOR,20,-6.376,-5.8420000000000005,-5.7543,-6.578,0.8881118881118881,reference_calibrated
Longifolicin,4LVT,Bcl-2,20,-7.444,-6.7535,-6.48635,-11.06,0.610623869801085,reference_calibrated
Longifolicin,5LNK,Complex I,20,-7.377,-6.9254999999999995,-6.8614999999999995,,,comparative_target_relative_only
Longifolicin,6OAC,PI3Kα,20,-6.713,-6.0794999999999995,-6.0765,-8.804,0.6905383916401635,reference_calibrated
Montecristin,1IVO,EGFR,20,-5.378,-1.4377,-1.9325473,,,comparative_target_relative_only
Montecristin,1QX3,Caspase-3,20,-4.502,-2.7845,-2.11920035,,,comparative_target_relative_only
Montecristin,2AMA,AR,20,-6.405,-4.4605,-4.60115,-11.09,0.40220919747520284,reference_calibrated
Montecristin,3MVH,AKT1,20,-5.878,-4.5095,-4.5149,-11.37,0.3966138962181179,reference_calibrated
Montecristin,3V3N,5AR2,20,-6.885,-6.4405,-6.30455,-8.963,0.7185652125404441,reference_calibrated
Montecristin,4JSP,mTOR,20,-6.014,-5.2355,-5.1734,-6.578,0.7959106111280024,reference_calibrated
Montecristin,4LVT,Bcl-2,20,-7.063,-6.3635,-5.92235,-11.06,0.5753616636528028,reference_calibrated
Montecristin,5LNK,Complex I,20,-7.001,-6.58,-6.53425,,,comparative_target_relative_only
Montecristin,6OAC,PI3Kα,20,-6.379,-5.753500000000001,-5.74845,-8.804,0.6535097682871422,reference_calibrated
Muricadienin,1IVO,EGFR,20,-4.989,-1.238,-1.7141884,,,comparative_target_relative_only
Muricadienin,1QX3,Caspase-3,20,-3.696,-2.561,-1.9360621000000002,,,comparative_target_relative_only
Muricadienin,2AMA,AR,20,-6.846,-4.3765,-4.52915,-11.09,0.39463480613165014,reference_calibrated
Muricadienin,3MVH,AKT1,20,-5.389,-3.9640000000000004,-4.1236,-11.37,0.34863676341248906,reference_calibrated
Muricadienin,3V3N,5AR2,20,-6.819,-6.241,-6.185499999999999,-8.963,0.6963070400535535,reference_calibrated
Muricadienin,4JSP,mTOR,20,-6.381,-5.111000000000001,-5.1574,-6.578,0.7769838856795379,reference_calibrated
Muricadienin,4LVT,Bcl-2,20,-6.956,-6.4254999999999995,-5.8157000000000005,-11.06,0.5809674502712476,reference_calibrated
Muricadienin,5LNK,Complex I,20,-6.445,-6.0649999999999995,-6.081300000000001,,,comparative_target_relative_only
Muricadienin,6OAC,PI3Kα,20,-6.067,-5.433,-5.4498,-8.804,0.6171058609722853,reference_calibrated
Muricapentocin,1IVO,EGFR,20,-5.66,-1.6654,-2.15186025,,,comparative_target_relative_only
Muricapentocin,1QX3,Caspase-3,20,-4.676,-2.896,-2.21809355,,,comparative_target_relative_only
Muricapentocin,2AMA,AR,20,-7.329,-5.234500000000001,-5.0501,-11.09,0.47200180342651044,reference_calibrated
Muricapentocin,3MVH,AKT1,20,-6.245,-5.061,-5.1997,-11.37,0.44511873350923487,reference_calibrated
Muricapentocin,3V3N,5AR2,20,-7.674,-7.008,-6.935,-8.963,0.7818810666071628,reference_calibrated
Muricapentocin,4JSP,mTOR,20,-6.949,-5.8865,-5.8551,-6.578,0.8948768622681665,reference_calibrated
Muricapentocin,4LVT,Bcl-2,20,-7.252,-6.6505,-6.24135,-11.06,0.6013110307414105,reference_calibrated
Muricapentocin,5LNK,Complex I,20,-7.394,-7.1,-7.06835,,,comparative_target_relative_only
Muricapentocin,6OAC,PI3Kα,20,-7.621,-6.3825,-6.44205,-8.804,0.7249545661063154,reference_calibrated
Muricatacin,1IVO,EGFR,20,-5.298,-1.5365,-2.029233955,,,comparative_target_relative_only
Muricatacin,1QX3,Caspase-3,20,-4.339,-3.164,-2.2325091500000003,,,comparative_target_relative_only
Muricatacin,2AMA,AR,20,-6.784,-4.9305,-5.02595,-11.09,0.44458972046889095,reference_calibrated
Muricatacin,3MVH,AKT1,20,-6.143,-4.7995,-4.9030000000000005,-11.37,0.4221196130167107,reference_calibrated
Muricatacin,3V3N,5AR2,20,-6.595,-5.8685,-5.94085,-8.963,0.6547472944326677,reference_calibrated
Muricatacin,4JSP,mTOR,20,-5.904,-5.413,-5.4176,-6.578,0.8228944968075403,reference_calibrated
Muricatacin,4LVT,Bcl-2,20,-5.803,-5.391,-5.3103,-11.06,0.4874321880650994,reference_calibrated
Muricatacin,5LNK,Complex I,20,-6.296,-5.7955000000000005,-5.7867,,,comparative_target_relative_only
Muricatacin,6OAC,PI3Kα,20,-6.104,-5.6285,-5.646050000000001,-8.804,0.6393116765106769,reference_calibrated
Muricatenol,1IVO,EGFR,20,-5.501,-1.5561500000000001,-2.0298985000000003,,,comparative_target_relative_only
Muricatenol,1QX3,Caspase-3,20,-4.297,-2.9429999999999996,-2.2614299,,,comparative_target_relative_only
Muricatenol,2AMA,AR,20,-6.898,-4.758,-4.66821,-11.09,0.4290351668169522,reference_calibrated
Muricatenol,3MVH,AKT1,20,-5.599,-4.609500000000001,-4.72565,-11.37,0.4054089709762534,reference_calibrated
Muricatenol,3V3N,5AR2,20,-7.073,-6.46,-6.474200000000001,-8.963,0.7207408233850274,reference_calibrated
Muricatenol,4JSP,mTOR,20,-6.445,-5.4355,-5.43215,-6.578,0.8263149893584676,reference_calibrated
Muricatenol,4LVT,Bcl-2,20,-7.068,-6.1795,-5.89975,-11.06,0.5587251356238698,reference_calibrated
Muricatenol,5LNK,Complex I,20,-7.104,-6.6765,-6.6441,,,comparative_target_relative_only
Muricatenol,6OAC,PI3Kα,20,-6.863,-5.9025,-5.9687,-8.804,0.6704338936846888,reference_calibrated
Muricatocin A,1IVO,EGFR,20,-5.625,-1.5361500000000001,-2.12083245,,,comparative_target_relative_only
Muricatocin A,1QX3,Caspase-3,20,-4.666,-3.1985,-2.3982187,,,comparative_target_relative_only
Muricatocin A,2AMA,AR,20,-6.264,-5.122999999999999,-4.9427,-11.09,0.4619477006311992,reference_calibrated
Muricatocin A,3MVH,AKT1,20,-6.144,-5.504,-5.343249999999999,-11.37,0.48408091468777487,reference_calibrated
Muricatocin A,3V3N,5AR2,20,-7.485,-6.8765,-6.877599999999999,-8.963,0.7672096396295884,reference_calibrated
Muricatocin A,4JSP,mTOR,20,-6.889,-6.029,-5.94355,-6.578,0.9165399817573731,reference_calibrated
Muricatocin A,4LVT,Bcl-2,20,-7.325,-6.590999999999999,-6.3476,-11.06,0.5959312839059674,reference_calibrated
Muricatocin A,5LNK,Complex I,20,-7.564,-7.12,-7.04825,,,comparative_target_relative_only
Muricatocin A,6OAC,PI3Kα,20,-6.981,-6.4535,-6.4122,-8.804,0.7330190822353475,reference_calibrated
Muricatocin B,1IVO,EGFR,20,-5.914,-1.5318,-2.211118,,,comparative_target_relative_only
Muricatocin B,1QX3,Caspase-3,20,-5.229,-2.7935,-2.323765,,,comparative_target_relative_only
Muricatocin B,2AMA,AR,20,-7.101,-5.023,-4.91665,-11.09,0.4529305680793507,reference_calibrated
Muricatocin B,3MVH,AKT1,20,-6.471,-5.4195,-5.38155,-11.37,0.47664907651715044,reference_calibrated
Muricatocin B,3V3N,5AR2,20,-7.533,-7.2005,-7.1295,-8.963,0.8033582505857414,reference_calibrated
Muricatocin B,4JSP,mTOR,20,-6.541,-5.9795,-5.8523000000000005,-6.578,0.9090148981453329,reference_calibrated
Muricatocin B,4LVT,Bcl-2,20,-7.159,-6.3255,-6.206449999999999,-11.06,0.5719258589511754,reference_calibrated
Muricatocin B,5LNK,Complex I,20,-7.732,-7.12,-7.10125,,,comparative_target_relative_only
Muricatocin B,6OAC,PI3Kα,20,-7.378,-6.324,-6.3966,-8.804,0.7183098591549295,reference_calibrated
Muricatocin C,1IVO,EGFR,20,-5.631,-1.9124999999999999,-2.16752945,,,comparative_target_relative_only
Muricatocin C,1QX3,Caspase-3,20,-4.75,-2.9795,-2.2675584,,,comparative_target_relative_only
Muricatocin C,2AMA,AR,20,-6.575,-5.225,-5.0402000000000005,-11.09,0.4711451758340847,reference_calibrated
Muricatocin C,3MVH,AKT1,20,-6.451,-5.5954999999999995,-5.5096,-11.37,0.49212840809146874,reference_calibrated
Muricatocin C,3V3N,5AR2,20,-7.665,-6.9864999999999995,-6.97095,-8.963,0.7794823161887761,reference_calibrated
Muricatocin C,4JSP,mTOR,20,-6.583,-6.031499999999999,-6.0095,-6.578,0.9169200364852538,reference_calibrated
Muricatocin C,4LVT,Bcl-2,20,-7.297,-6.675,-6.3128,-11.06,0.6035262206148282,reference_calibrated
Muricatocin C,5LNK,Complex I,20,-7.69,-7.104,-7.17345,,,comparative_target_relative_only
Muricatocin C,6OAC,PI3Kα,20,-6.998,-6.3635,-6.32055,-8.804,0.7227964561562926,reference_calibrated
Muricin A,1IVO,EGFR,20,-5.97,-1.58935,-2.1516404000000002,,,comparative_target_relative_only
Muricin A,1QX3,Caspase-3,20,-4.808,-2.848,-2.35330955,,,comparative_target_relative_only
Muricin A,2AMA,AR,20,-6.93,-4.839,-4.87835,-11.09,0.43633904418394953,reference_calibrated
Muricin A,3MVH,AKT1,20,-6.155,-5.0489999999999995,-5.117,-11.37,0.4440633245382586,reference_calibrated
Muricin A,3V3N,5AR2,20,-7.296,-6.7485,-6.7010000000000005,-8.963,0.7529287069061699,reference_calibrated
Muricin A,4JSP,mTOR,20,-6.523,-5.933,-5.9037500000000005,-6.578,0.9019458802067497,reference_calibrated
Muricin A,4LVT,Bcl-2,20,-7.219,-6.7155000000000005,-6.17035,-11.06,0.6071880650994576,reference_calibrated
Muricin A,5LNK,Complex I,20,-7.235,-6.8305,-6.814,,,comparative_target_relative_only
Muricin A,6OAC,PI3Kα,20,-7.219,-6.298500000000001,-6.3546,-8.804,0.7154134484325307,reference_calibrated
Muricin B,1IVO,EGFR,20,-5.702,-1.4892500000000002,-2.08879415,,,comparative_target_relative_only
Muricin B,1QX3,Caspase-3,20,-4.655,-2.867,-2.23541615,,,comparative_target_relative_only
Muricin B,2AMA,AR,20,-7.191,-4.616,-4.83585,-11.09,0.4162308385933273,reference_calibrated
Muricin B,3MVH,AKT1,20,-6.236,-5.1785,-5.224,-11.37,0.45545294635004396,reference_calibrated
Muricin B,3V3N,5AR2,20,-7.313,-6.773,-6.730200000000001,-8.963,0.7556621666852616,reference_calibrated
Muricin B,4JSP,mTOR,20,-6.602,-5.765000000000001,-5.733549999999999,-6.578,0.876406202493159,reference_calibrated
Muricin B,4LVT,Bcl-2,20,-7.11,-6.288,-6.1096,-11.06,0.5685352622061483,reference_calibrated
Muricin B,5LNK,Complex I,20,-7.291,-6.84,-6.8483,,,comparative_target_relative_only
Muricin B,6OAC,PI3Kα,20,-6.963,-6.3605,-6.25575,-8.804,0.7224557019536574,reference_calibrated
Muricin C,1IVO,EGFR,20,-5.88,-1.5059999999999998,-2.0141140999999996,,,comparative_target_relative_only
Muricin C,1QX3,Caspase-3,20,-4.691,-3.4305,-2.409969,,,comparative_target_relative_only
Muricin C,2AMA,AR,20,-6.964,-4.901999999999999,-4.93075,-11.09,0.442019837691614,reference_calibrated
Muricin C,3MVH,AKT1,20,-5.936,-5.33,-5.2519,-11.37,0.46877748460861923,reference_calibrated
Muricin C,3V3N,5AR2,20,-7.271,-6.8195,-6.8325000000000005,-8.963,0.760850161776191,reference_calibrated
Muricin C,4JSP,mTOR,20,-6.496,-5.585,-5.6695,-6.578,0.8490422620857403,reference_calibrated
Muricin C,4LVT,Bcl-2,20,-7.172,-6.4965,-6.15755,-11.06,0.5873869801084991,reference_calibrated
Muricin C,5LNK,Complex I,20,-7.14,-6.975,-6.87915,,,comparative_target_relative_only
Muricin C,6OAC,PI3Kα,20,-7.735,-6.2415,-6.25375,-8.804,0.7089391185824625,reference_calibrated
Muricin E,1IVO,EGFR,20,-5.787,-1.4762499999999998,-2.150834,,,comparative_target_relative_only
Muricin E,1QX3,Caspase-3,20,-4.8,-3.2705,-2.45022455,,,comparative_target_relative_only
Muricin E,2AMA,AR,20,-7.42,-5.016,-5.0573999999999995,-11.09,0.45229936880072136,reference_calibrated
Muricin E,3MVH,AKT1,20,-6.565,-5.385,-5.4018999999999995,-11.37,0.4736147757255937,reference_calibrated
Muricin E,3V3N,5AR2,20,-7.269,-6.937,-6.8179,-8.963,0.7739596117371417,reference_calibrated
Muricin E,4JSP,mTOR,20,-6.409,-5.931,-5.87315,-6.578,0.9016418364244451,reference_calibrated
Muricin E,4LVT,Bcl-2,20,-7.581,-6.965,-6.40745,-11.06,0.6297468354430379,reference_calibrated
Muricin E,5LNK,Complex I,20,-7.894,-6.9125,-6.98245,,,comparative_target_relative_only
Muricin E,6OAC,PI3Kα,20,-8.139,-6.2855,-6.401300000000001,-8.804,0.7139368468877783,reference_calibrated
Muricin F,1IVO,EGFR,20,-5.789,-1.62705,-2.185878545,,,comparative_target_relative_only
Muricin F,1QX3,Caspase-3,20,-4.824,-3.2504999999999997,-2.404137,,,comparative_target_relative_only
Muricin F,2AMA,AR,20,-6.494,-5.048,-4.9318,-11.09,0.4551848512173129,reference_calibrated
Muricin F,3MVH,AKT1,20,-6.285,-5.088,-5.1768,-11.37,0.4474934036939314,reference_calibrated
Muricin F,3V3N,5AR2,20,-7.51,-6.7795000000000005,-6.77905,-8.963,0.7563873703001228,reference_calibrated
Muricin F,4JSP,mTOR,20,-6.698,-5.9405,-5.8950000000000005,-6.578,0.9030860443903922,reference_calibrated
Muricin F,4LVT,Bcl-2,20,-7.463,-6.433,-6.202450000000001,-11.06,0.5816455696202532,reference_calibrated
Muricin F,5LNK,Complex I,20,-7.975,-6.9445,-6.9824,,,comparative_target_relative_only
Muricin F,6OAC,PI3Kα,20,-7.678,-6.2935,-6.321350000000001,-8.804,0.714845524761472,reference_calibrated
Muricin G,1IVO,EGFR,20,-5.654,-1.63085,-2.1528265,,,comparative_target_relative_only
Muricin G,1QX3,Caspase-3,20,-4.941,-3.0335,-2.4176556000000002,,,comparative_target_relative_only
Muricin G,2AMA,AR,20,-7.379,-5.093,-5.1135,-11.09,0.45924256086564474,reference_calibrated
Muricin G,3MVH,AKT1,20,-6.366,-5.3705,-5.29365,-11.37,0.47233948988566404,reference_calibrated
Muricin G,3V3N,5AR2,20,-7.392,-6.941,-6.9128,-8.963,0.7744058908847484,reference_calibrated
Muricin G,4JSP,mTOR,20,-6.708,-5.8175,-5.8871,-6.578,0.884387351778656,reference_calibrated
Muricin G,4LVT,Bcl-2,20,-7.332,-6.875,-6.381600000000001,-11.06,0.6216094032549728,reference_calibrated
Muricin G,5LNK,Complex I,20,-7.416,-6.984,-6.9434,,,comparative_target_relative_only
Muricin G,6OAC,PI3Kα,20,-7.377,-6.44,-6.35475,-8.804,0.7314856883234894,reference_calibrated
Muricin H,1IVO,EGFR,20,-5.862,-1.7605,-2.1916826,,,comparative_target_relative_only
Muricin H,1QX3,Caspase-3,20,-4.572,-2.794,-2.3503372,,,comparative_target_relative_only
Muricin H,2AMA,AR,20,-7.056,-4.9785,-4.96995,-11.09,0.4489179440937782,reference_calibrated
Muricin H,3MVH,AKT1,20,-6.281,-5.367,-5.3214,-11.37,0.4720316622691293,reference_calibrated
Muricin H,3V3N,5AR2,20,-7.276,-6.6899999999999995,-6.6818,-8.963,0.74640187437242,reference_calibrated
Muricin H,4JSP,mTOR,20,-6.382,-5.657,-5.6085,-6.578,0.8599878382487077,reference_calibrated
Muricin H,4LVT,Bcl-2,20,-7.333,-6.375,-6.23165,-11.06,0.5764014466546112,reference_calibrated
Muricin H,5LNK,Complex I,20,-7.113,-6.82,-6.800400000000001,,,comparative_target_relative_only
Muricin H,6OAC,PI3Kα,20,-7.2,-6.123,-6.19955,-8.804,0.6954793275783735,reference_calibrated
Muricin I,1IVO,EGFR,20,-6.108,-1.3681,-2.1869463,,,comparative_target_relative_only
Muricin I,1QX3,Caspase-3,20,-4.598,-2.9530000000000003,-2.2737258000000002,,,comparative_target_relative_only
Muricin I,2AMA,AR,20,-6.262,-4.8025,-4.88385,-11.09,0.4330477908025248,reference_calibrated
Muricin I,3MVH,AKT1,20,-6.03,-5.089,-5.1015,-11.37,0.4475813544415128,reference_calibrated
Muricin I,3V3N,5AR2,20,-7.127,-6.855,-6.828950000000001,-8.963,0.7648108892112018,reference_calibrated
Muricin I,4JSP,mTOR,20,-6.502,-5.6165,-5.6408000000000005,-6.578,0.8538309516570386,reference_calibrated
Muricin I,4LVT,Bcl-2,20,-7.375,-6.661,-6.2564,-11.06,0.6022603978300181,reference_calibrated
Muricin I,5LNK,Complex I,20,-7.891,-6.968999999999999,-7.021850000000001,,,comparative_target_relative_only
Muricin I,6OAC,PI3Kα,20,-7.898,-6.156000000000001,-6.2699,-8.804,0.6992276238073604,reference_calibrated
Muricin J,1IVO,EGFR,20,-5.522,-1.6096000000000001,-2.0788258500000003,,,comparative_target_relative_only
Muricin J,1QX3,Caspase-3,20,-4.42,-3.12,-2.2310399999999997,,,comparative_target_relative_only
Muricin J,2AMA,AR,20,-6.537,-4.705,-4.80705,-11.09,0.4242560865644725,reference_calibrated
Muricin J,3MVH,AKT1,20,-6.109,-5.007,-5.04545,-11.37,0.4403693931398417,reference_calibrated
Muricin J,3V3N,5AR2,20,-7.648,-6.943,-6.9449,-8.963,0.7746290304585518,reference_calibrated
Muricin J,4JSP,mTOR,20,-6.696,-5.8635,-5.88825,-6.578,0.8913803587716631,reference_calibrated
Muricin J,4LVT,Bcl-2,20,-7.263,-6.568,-6.2728,-11.06,0.5938517179023508,reference_calibrated
Muricin J,5LNK,Complex I,20,-7.682,-6.916,-6.9031,,,comparative_target_relative_only
Muricin J,6OAC,PI3Kα,20,-7.358,-6.2095,-6.3197,-8.804,0.7053044070876874,reference_calibrated
Muricin K,1IVO,EGFR,20,-5.469,-1.45065,-2.07693335,,,comparative_target_relative_only
Muricin K,1QX3,Caspase-3,20,-4.861,-3.0945,-2.3029628,,,comparative_target_relative_only
Muricin K,2AMA,AR,20,-6.811,-5.2435,-5.1315,-11.09,0.47281334535617675,reference_calibrated
Muricin K,3MVH,AKT1,20,-6.404,-5.1335,-5.2305,-11.37,0.451495162708883,reference_calibrated
Muricin K,3V3N,5AR2,20,-7.341,-6.823499999999999,-6.723050000000001,-8.963,0.7612964409237978,reference_calibrated
Muricin K,4JSP,mTOR,20,-6.53,-6.0009999999999994,-5.9026499999999995,-6.578,0.9122833688051079,reference_calibrated
Muricin K,4LVT,Bcl-2,20,-7.228,-6.645,-6.163,-11.06,0.6008137432188064,reference_calibrated
Muricin K,5LNK,Complex I,20,-7.193,-6.8629999999999995,-6.829300000000001,,,comparative_target_relative_only
Muricin K,6OAC,PI3Kα,20,-7.498,-6.1475,-6.20445,-8.804,0.6982621535665606,reference_calibrated
Muricin L,1IVO,EGFR,20,-5.908,-1.33415,-2.0984861,,,comparative_target_relative_only
Muricin L,1QX3,Caspase-3,20,-4.836,-3.433,-2.51795164,,,comparative_target_relative_only
Muricin L,2AMA,AR,20,-6.76,-5.138,-5.0546500000000005,-11.09,0.46330027051397654,reference_calibrated
Muricin L,3MVH,AKT1,20,-6.008,-5.054,-5.10095,-11.37,0.4445030782761654,reference_calibrated
Muricin L,3V3N,5AR2,20,-7.067,-6.7915,-6.7269000000000005,-8.963,0.7577262077429433,reference_calibrated
Muricin L,4JSP,mTOR,20,-6.664,-5.8375,-5.8285,-6.578,0.8874277896017027,reference_calibrated
Muricin L,4LVT,Bcl-2,20,-7.292,-6.324,-6.10405,-11.06,0.5717902350813743,reference_calibrated
Muricin L,5LNK,Complex I,20,-7.499,-6.909,-6.97445,,,comparative_target_relative_only
Muricin L,6OAC,PI3Kα,20,-7.604,-6.361000000000001,-6.40235,-8.804,0.7225124943207634,reference_calibrated
Muridienin 3,1IVO,EGFR,20,-4.637,-1.139,-1.69341185,,,comparative_target_relative_only
Muridienin 3,1QX3,Caspase-3,20,-3.973,-2.3745000000000003,-1.8937335000000002,,,comparative_target_relative_only
Muridienin 3,2AMA,AR,20,-6.914,-4.4155,-4.41765,-11.09,0.39815148782687104,reference_calibrated
Muridienin 3,3MVH,AKT1,20,-5.688,-4.0365,-4.2165,-11.37,0.35501319261213726,reference_calibrated
Muridienin 3,3V3N,5AR2,20,-6.655,-6.1665,-6.0399,-8.963,0.6879950909293764,reference_calibrated
Muridienin 3,4JSP,mTOR,20,-5.748,-5.0455000000000005,-5.0306,-6.578,0.7670264518090606,reference_calibrated
Muridienin 3,4LVT,Bcl-2,20,-6.933,-5.9190000000000005,-5.6027499999999995,-11.06,0.5351717902350814,reference_calibrated
Muridienin 3,5LNK,Complex I,20,-6.53,-5.9195,-5.98675,,,comparative_target_relative_only
Muridienin 3,6OAC,PI3Kα,20,-6.864,-5.3045,-5.46175,-8.804,0.602510222626079,reference_calibrated
Muridienin 4,1IVO,EGFR,20,-5.063,-1.15115,-1.6453520000000001,,,comparative_target_relative_only
Muridienin 4,1QX3,Caspase-3,20,-3.639,-2.2935,-1.854555,,,comparative_target_relative_only
Muridienin 4,2AMA,AR,20,-5.517,-4.1795,-4.15385,-11.09,0.37687105500450857,reference_calibrated
Muridienin 4,3MVH,AKT1,20,-5.126,-4.053,-4.0434,-11.37,0.35646437994722957,reference_calibrated
Muridienin 4,3V3N,5AR2,20,-6.557,-6.112,-5.89015,-8.963,0.6819145375432334,reference_calibrated
Muridienin 4,4JSP,mTOR,20,-5.82,-4.8795,-5.028499999999999,-6.578,0.7417908178777743,reference_calibrated
Muridienin 4,4LVT,Bcl-2,20,-7.039,-6.3525,-5.7280999999999995,-11.06,0.5743670886075949,reference_calibrated
Muridienin 4,5LNK,Complex I,20,-6.275,-5.9745,-5.9546,,,comparative_target_relative_only
Muridienin 4,6OAC,PI3Kα,20,-7.301,-5.272500000000001,-5.40705,-8.804,0.598875511131304,reference_calibrated
Murisolin,1IVO,EGFR,20,-5.483,-1.5454999999999999,-1.9891113,,,comparative_target_relative_only
Murisolin,1QX3,Caspase-3,20,-4.268,-2.998,-2.2245827,,,comparative_target_relative_only
Murisolin,2AMA,AR,20,-6.595,-4.7435,-4.76835,-11.09,0.42772768259693417,reference_calibrated
Murisolin,3MVH,AKT1,20,-6.278,-5.0245,-5.04035,-11.37,0.4419085312225154,reference_calibrated
Murisolin,3V3N,5AR2,20,-7.484,-6.718999999999999,-6.7129,-8.963,0.7496373981925695,reference_calibrated
Murisolin,4JSP,mTOR,20,-6.542,-5.606,-5.68645,-6.578,0.8522347217999391,reference_calibrated
Murisolin,4LVT,Bcl-2,20,-7.349,-6.665,-6.1958,-11.06,0.6026220614828209,reference_calibrated
Murisolin,5LNK,Complex I,20,-7.224,-6.7605,-6.7482,,,comparative_target_relative_only
Murisolin,6OAC,PI3Kα,20,-7.038,-6.2125,-6.247,-8.804,0.7056451612903226,reference_calibrated
Sabadelin,1IVO,EGFR,20,-5.111,-1.301,-1.8314645999999999,,,comparative_target_relative_only
Sabadelin,1QX3,Caspase-3,20,-3.801,-2.643,-2.0325894,,,comparative_target_relative_only
Sabadelin,2AMA,AR,20,-6.133,-4.666,-4.48565,-11.09,0.4207394048692516,reference_calibrated
Sabadelin,3MVH,AKT1,20,-5.852,-4.2515,-4.34045,-11.37,0.37392260334212846,reference_calibrated
Sabadelin,3V3N,5AR2,20,-6.759,-6.239,-6.2303,-8.963,0.6960839004797501,reference_calibrated
Sabadelin,4JSP,mTOR,20,-5.91,-5.234,-5.1495,-6.578,0.7956825782912739,reference_calibrated
Sabadelin,4LVT,Bcl-2,20,-7.235,-6.247,-5.96225,-11.06,0.5648282097649185,reference_calibrated
Sabadelin,5LNK,Complex I,20,-6.437,-6.066,-6.05085,,,comparative_target_relative_only
Sabadelin,6OAC,PI3Kα,20,-6.483,-5.527,-5.62915,-8.804,0.6277828259881871,reference_calibrated
Xylomaticin,1IVO,EGFR,20,-5.401,-1.3283500000000001,-2.0160972999999998,,,comparative_target_relative_only
Xylomaticin,1QX3,Caspase-3,20,-4.488,-2.944,-2.2658653,,,comparative_target_relative_only
Xylomaticin,2AMA,AR,20,-6.263,-4.827,-4.7823,-11.09,0.4352569882777277,reference_calibrated
Xylomaticin,3MVH,AKT1,20,-6.046,-4.9435,-5.011100000000001,-11.37,0.4347845206684257,reference_calibrated
Xylomaticin,3V3N,5AR2,20,-7.334,-6.7965,-6.768949999999999,-8.963,0.7582840566774518,reference_calibrated
Xylomaticin,4JSP,mTOR,20,-6.574,-5.6845,-5.65405,-6.578,0.8641684402553967,reference_calibrated
Xylomaticin,4LVT,Bcl-2,20,-7.259,-6.6065000000000005,-6.14755,-11.06,0.5973327305605787,reference_calibrated
Xylomaticin,5LNK,Complex I,20,-7.16,-6.8265,-6.8255,,,comparative_target_relative_only
Xylomaticin,6OAC,PI3Kα,20,-7.369,-6.2865,-6.33455,-8.804,0.71405043162199,reference_calibrated
cis-Goniothalamicin,1IVO,EGFR,20,-5.569,-1.3786500000000002,-2.08858495,,,comparative_target_relative_only
cis-Goniothalamicin,1QX3,Caspase-3,20,-4.572,-3.0665,-2.25540625,,,comparative_target_relative_only
cis-Goniothalamicin,2AMA,AR,20,-6.743,-4.914,-4.9135,-11.09,0.44310189359783586,reference_calibrated
cis-Goniothalamicin,3MVH,AKT1,20,-5.978,-5.1725,-5.14675,-11.37,0.4549252418645559,reference_calibrated
cis-Goniothalamicin,3V3N,5AR2,20,-7.432,-6.984999999999999,-6.85675,-8.963,0.7793149615084235,reference_calibrated
cis-Goniothalamicin,4JSP,mTOR,20,-6.589,-5.900499999999999,-5.8027999999999995,-6.578,0.897005168744299,reference_calibrated
cis-Goniothalamicin,4LVT,Bcl-2,20,-7.353,-6.4085,-6.1678,-11.06,0.5794303797468354,reference_calibrated
cis-Goniothalamicin,5LNK,Complex I,20,-7.335,-6.984,-6.9796499999999995,,,comparative_target_relative_only
cis-Goniothalamicin,6OAC,PI3Kα,20,-6.925,-6.0745000000000005,-6.0723,-8.804,0.689970467969105,reference_calibrated
cis-Reticulatacin-10-one,1IVO,EGFR,20,-5.73,-1.25295,-2.0111775,,,comparative_target_relative_only
cis-Reticulatacin-10-one,1QX3,Caspase-3,20,-4.509,-2.724,-2.16779335,,,comparative_target_relative_only
cis-Reticulatacin-10-one,2AMA,AR,20,-7.364,-4.8015,-4.77745,-11.09,0.4329576194770063,reference_calibrated
cis-Reticulatacin-10-one,3MVH,AKT1,20,-5.944,-4.781499999999999,-4.8347,-11.37,0.42053649956024625,reference_calibrated
cis-Reticulatacin-10-one,3V3N,5AR2,20,-7.319,-6.8315,-6.75435,-8.963,0.7621889992190116,reference_calibrated
cis-Reticulatacin-10-one,4JSP,mTOR,20,-6.872,-5.656000000000001,-5.6125,-6.578,0.8598358163575556,reference_calibrated
cis-Reticulatacin-10-one,4LVT,Bcl-2,20,-7.209,-6.806,-6.152,-11.06,0.615370705244123,reference_calibrated
cis-Reticulatacin-10-one,5LNK,Complex I,20,-7.133,-6.672499999999999,-6.68215,,,comparative_target_relative_only
cis-Reticulatacin-10-one,6OAC,PI3Kα,20,-7.516,-5.89,-6.11095,-8.804,0.6690140845070423,reference_calibrated
cis-Solamin,1IVO,EGFR,20,-5.241,-1.52055,-1.9593595000000001,,,comparative_target_relative_only
cis-Solamin,1QX3,Caspase-3,20,-4.467,-2.902,-2.2261198,,,comparative_target_relative_only
cis-Solamin,2AMA,AR,20,-6.799,-5.059,-4.7639499999999995,-11.09,0.45617673579801626,reference_calibrated
cis-Solamin,3MVH,AKT1,20,-5.642,-4.7524999999999995,-4.679550000000001,-11.37,0.41798592788038696,reference_calibrated
cis-Solamin,3V3N,5AR2,20,-7.082,-6.5595,-6.562399999999999,-8.963,0.7318420171817472,reference_calibrated
cis-Solamin,4JSP,mTOR,20,-6.849,-5.608,-5.5785,-6.578,0.8525387655822437,reference_calibrated
cis-Solamin,4LVT,Bcl-2,20,-7.293,-6.640499999999999,-6.17875,-11.06,0.6004068716094032,reference_calibrated
cis-Solamin,5LNK,Complex I,20,-7.136,-6.5280000000000005,-6.5764,,,comparative_target_relative_only
cis-Solamin,6OAC,PI3Kα,20,-6.947,-5.8895,-5.9497,-8.804,0.6689572921399364,reference_calibrated
cis-Uvariamicin IV,1IVO,EGFR,20,-5.317,-1.4595,-1.9542738849999999,,,comparative_target_relative_only
cis-Uvariamicin IV,1QX3,Caspase-3,20,-4.322,-2.7809999999999997,-2.2201722,,,comparative_target_relative_only
cis-Uvariamicin IV,2AMA,AR,20,-6.532,-4.7585,-4.5962499999999995,-11.09,0.42908025247971143,reference_calibrated
cis-Uvariamicin IV,3MVH,AKT1,20,-6.013,-4.7565,-4.86465,-11.37,0.4183377308707124,reference_calibrated
cis-Uvariamicin IV,3V3N,5AR2,20,-7.175,-6.718500000000001,-6.6774000000000004,-8.963,0.7495816132991188,reference_calibrated
cis-Uvariamicin IV,4JSP,mTOR,20,-6.525,-5.6125,-5.61635,-6.578,0.8532228640924292,reference_calibrated
cis-Uvariamicin IV,4LVT,Bcl-2,20,-7.09,-6.03,-5.88665,-11.06,0.5452079566003617,reference_calibrated
cis-Uvariamicin IV,5LNK,Complex I,20,-7.052,-6.6225000000000005,-6.625400000000001,,,comparative_target_relative_only
cis-Uvariamicin IV,6OAC,PI3Kα,20,-7.139,-5.9305,-5.8908000000000005,-8.804,0.673614266242617,reference_calibrated
