Compound,Class,Molweight,logP,Topological Polar Surface Area,LD₅₀ (mg/kg),Tox Class,Hepato,Neuro,Nephro,Respi,Cardio,NADH-QO,CYP Inhib,BBB
Annocatalin,Acetogenin,596.88,7.06,116.45,400,4,Inactive(0.83),Inactive(0.93),Active(0.52),Active(0.64),Inactive(0.75),Inactive(0.97),Inactive,Active(0.61)
Annomontacin,Acetogenin,624.93,7.84,116.45,400,4,Inactive(0.86),Inactive(0.93),Active(0.50),Active(0.68),Inactive(0.78),Active(1.00),Inactive,Active(0.59)
Annomuricin A,Acetogenin,612.88,6.03,136.68,400,4,Inactive(0.86),Inactive(0.93),Active(0.51),Active(0.65),Inactive(0.76),Active(1.00),Inactive,Active(0.59)
Annomuricin B,Acetogenin,612.88,6.03,136.68,400,4,Inactive(0.86),Inactive(0.93),Active(0.51),Active(0.65),Inactive(0.76),Inactive(0.97),Inactive,Active(0.59)
Annomuricin C,Acetogenin,612.88,6.03,136.68,400,4,Inactive(0.86),Inactive(0.93),Active(0.51),Active(0.65),Inactive(0.76),Active(1.00),Inactive,Active(0.59)
Annomuricin D,Acetogenin,612.88,6.32,133.52,26000,6,Inactive(0.83),Inactive(0.96),Active(0.51),Active(0.62),Inactive(0.70),Active(1.00),Inactive,Active(0.70)
Annomuricin E,Acetogenin,612.88,6.03,136.68,400,4,Inactive(0.86),Inactive(0.93),Active(0.51),Active(0.65),Inactive(0.76),Active(1.00),Inactive,Active(0.59)
Annomuricatin A,Acetogenin,558.63,-0.46,186.04,500,4,Inactive(0.85),Inactive(0.52),Active(0.57),Active(0.84),Inactive(0.63),Inactive(0.88),Inactive,Inactive(0.89)
Annomuricatin B,Acetogenin,739.82,0.19,274.02,500,4,Inactive(0.88),Active(0.62),Inactive(0.53),Active(0.88),Inactive(0.70),Inactive(0.89),Inactive,Inactive(0.89)
Annomutacin,Acetogenin,624.93,7.84,116.45,400,4,Inactive(0.86),Inactive(0.93),Active(0.50),Active(0.68),Inactive(0.78),Active(1.00),Inactive,Active(0.59)
Annonacin,Acetogenin,596.88,7.06,116.45,400,4,Inactive(0.86),Inactive(0.93),Active(0.50),Active(0.68),Inactive(0.78),Active(1.00),Inactive,Active(0.59)
Annonacin A,Acetogenin,596.88,7.06,116.45,400,4,Inactive(0.86),Inactive(0.93),Active(0.50),Active(0.68),Inactive(0.78),Active(1.00),Inactive,Active(0.59)
Annonacinone,Acetogenin,594.86,7.27,113.29,400,4,Inactive(0.88),Inactive(0.94),Inactive(0.50),Active(0.73),Inactive(0.77),Active(1.00),Inactive,Active(0.61)
Isoannonacin,Acetogenin,596.88,7.35,113.29,26000,6,Inactive(0.84),Inactive(0.96),Active(0.51),Active(0.65),Inactive(0.71),Active(1.00),Inactive,Active(0.73)
Isoannonacinone,Acetogenin,594.86,7.56,110.13,26000,6,Inactive(0.84),Inactive(0.96),Active(0.51),Active(0.65),Inactive(0.71),Active(1.00),Inactive,Active(0.73)
Annopentocin A,Acetogenin,612.88,6.03,136.68,46,2,Inactive(0.90),Inactive(0.94),Inactive(0.51),Active(0.67),Inactive(0.75),Active(1.00),Inactive,Active(0.59)
Annopentocin B,Acetogenin,612.88,6.03,136.68,46,2,Inactive(0.90),Inactive(0.94),Inactive(0.51),Active(0.67),Inactive(0.75),Active(1.00),Inactive,Active(0.59)
Annoreticuin-9-one,Acetogenin,594.86,7.27,113.29,400,4,Inactive(0.88),Inactive(0.94),Inactive(0.50),Active(0.73),Inactive(0.77),Active(1.00),Inactive,Active(0.61)
Cis-Corossolone,Acetogenin,578.86,8.3,93.06,5000,4,Inactive(0.88),Inactive(0.94),Inactive(0.50),Active(0.73),Inactive(0.77),Active(1.00),Inactive,Active(0.61)
Corossolone,Acetogenin,578.86,8.3,93.06,5000,4,Inactive(0.88),Inactive(0.94),Inactive(0.50),Active(0.73),Inactive(0.77),Active(1.00),Inactive,Active(0.61)
Corossoline,Acetogenin,580.88,8.09,96.22,5000,4,Inactive(0.86),Inactive(0.93),Active(0.50),Active(0.68),Inactive(0.78),Active(1.00),Inactive,Active(0.59)
cis-Goniothalamicin,Acetogenin,596.88,7.06,116.45,400,4,Inactive(0.86),Inactive(0.93),Active(0.50),Active(0.68),Inactive(0.78),Active(1.00),Inactive,Active(0.59)
cis-Reticulatacin-10-one,Acetogenin,606.92,9.08,93.06,5000,4,Inactive(0.88),Inactive(0.94),Inactive(0.50),Active(0.73),Inactive(0.77),Active(1.00),Inactive,Active(0.61)
cis-Solamin,Acetogenin,564.88,9.12,75.99,5000,4,Inactive(0.86),Inactive(0.93),Active(0.50),Active(0.68),Inactive(0.78),Active(1.00),Inactive,Active(0.59)
cis-Uvariamicin IV,Acetogenin,592.93,9.9,75.99,5000,4,Inactive(0.86),Inactive(0.93),Active(0.50),Active(0.68),Inactive(0.78),Active(1.00),Inactive,Active(0.59)
Cohibin A,Acetogenin,548.88,9.91,66.76,841,4,Inactive(0.85),Inactive(0.93),Active(0.51),Active(0.65),Inactive(0.81),Active(0.98),Inactive,Active(0.60)
Cohibin B,Acetogenin,548.88,9.91,66.76,841,4,Inactive(0.85),Inactive(0.93),Active(0.51),Active(0.65),Inactive(0.81),Active(0.98),Inactive,Active(0.60)
Cohibin C,Acetogenin,576.93,10.69,66.76,841,4,Inactive(0.85),Inactive(0.93),Active(0.51),Active(0.65),Inactive(0.81),Active(0.98),Inactive,Active(0.60)
Cohibin D,Acetogenin,576.93,10.69,66.76,841,4,Inactive(0.85),Inactive(0.93),Active(0.51),Active(0.65),Inactive(0.81),Active(0.98),Inactive,Active(0.60)
Epomuricenin A,Acetogenin,530.87,10.95,38.83,900,4,Inactive(0.73),Inactive(0.81),Inactive(0.51),Inactive(0.68),Inactive(0.83),Active(0.87),Inactive,Active(0.89)
Epomuricenin B,Acetogenin,530.87,10.95,38.83,900,4,Inactive(0.73),Inactive(0.81),Inactive(0.51),Inactive(0.68),Inactive(0.83),Active(0.87),Inactive,Active(0.89)
Epoxymurin A,Acetogenin,530.87,10.95,38.83,900,4,Inactive(0.73),Inactive(0.81),Inactive(0.51),Inactive(0.68),Inactive(0.83),Active(0.87),Inactive,Active(0.89)
Gigantetronenin,Acetogenin,622.92,7.62,116.45,46,2,Inactive(0.86),Inactive(0.93),Active(0.51),Active(0.65),Inactive(0.76),Active(1.00),Inactive,Active(0.59)
Javoricin,Acetogenin,596.88,7.06,116.45,400,4,Inactive(0.86),Inactive(0.93),Active(0.50),Active(0.68),Inactive(0.78),Active(1.00),Inactive,Active(0.59)
Longifolicin,Acetogenin,580.88,8.09,96.22,5000,4,Inactive(0.86),Inactive(0.93),Active(0.50),Active(0.68),Inactive(0.78),Active(1.00),Inactive,Active(0.59)
Montecristin,Acetogenin,574.92,10.46,66.76,841,4,Inactive(0.85),Inactive(0.93),Active(0.51),Active(0.65),Inactive(0.81),Active(0.98),Inactive,Active(0.60)
Muricadienin,Acetogenin,514.87,11.74,26.3,5000,4,Inactive(0.65),Inactive(0.70),Inactive(0.59),Inactive(0.77),Inactive(0.86),Active(0.77),Inactive,Active(0.90)
Muricapentocin,Acetogenin,612.88,6.03,136.68,400,4,Inactive(0.86),Inactive(0.93),Active(0.50),Active(0.68),Inactive(0.78),Active(1.00),Inactive,Active(0.59)
Muricatacin,Acetogenin,284.43,4.36,46.53,26000,6,Inactive(0.74),Inactive(0.93),Inactive(0.53),Inactive(0.62),Inactive(0.86),Active(0.88),Inactive,Active(0.81)
Muricatenol,Acetogenin,608.93,8.63,107.22,100,3,Inactive(0.85),Inactive(0.93),Active(0.51),Active(0.65),Inactive(0.81),Active(0.98),Inactive,Active(0.60)
Muricatocin A,Acetogenin,612.88,6.03,136.68,400,4,Inactive(0.94),Inactive(0.95),Active(0.52),Active(0.70),Inactive(0.70),Active(1.00),5/6 Inactive,Active(0.50)
Muricatocin B,Acetogenin,612.88,6.03,136.68,400,4,Inactive(0.94),Inactive(0.95),Active(0.52),Active(0.70),Inactive(0.70),Active(1.00),5/6 Inactive,Active(0.50)
Muricatocin C,Acetogenin,612.88,6.03,136.68,400,4,Inactive(0.94),Inactive(0.95),Active(0.52),Active(0.70),Inactive(0.70),Active(1.00),5/6 Inactive,Active(0.50)
Muricin A,Acetogenin,596.88,7.06,116.45,400,4,Inactive(0.86),Inactive(0.93),Active(0.51),Active(0.65),Inactive(0.76),Active(1.00),Inactive,Active(0.59)
Muricin B,Acetogenin,596.88,7.06,116.45,400,4,Inactive(0.86),Inactive(0.93),Active(0.51),Active(0.65),Inactive(0.76),Active(1.00),Inactive,Active(0.59)
Muricin C,Acetogenin,596.88,7.06,116.45,400,4,Inactive(0.86),Inactive(0.93),Active(0.51),Active(0.65),Inactive(0.76),Active(1.00),Inactive,Active(0.59)
Muricin E,Acetogenin,568.83,6.28,116.45,400,4,Inactive(0.86),Inactive(0.93),Active(0.51),Active(0.65),Inactive(0.76),Active(1.00),Inactive,Active(0.59)
Muricin F,Acetogenin,594.86,6.84,116.45,46,2,Inactive(0.86),Inactive(0.93),Active(0.51),Active(0.65),Inactive(0.76),Active(1.00),Inactive,Active(0.59)
Muricin G,Acetogenin,594.86,6.84,116.45,46,2,Inactive(0.86),Inactive(0.93),Active(0.50),Active(0.68),Inactive(0.78),Active(1.00),Inactive,Active(0.59)
Muricin H,Acetogenin,580.88,8.09,96.22,5000,4,Inactive(0.86),Inactive(0.93),Active(0.51),Active(0.65),Inactive(0.76),Active(1.00),Inactive,Active(0.59)
Muricin I,Acetogenin,606.92,8.65,96.22,841,4,Inactive(0.86),Inactive(0.93),Active(0.51),Active(0.65),Inactive(0.76),Active(1.00),Inactive,Active(0.59)
Muricin J,Acetogenin,596.88,7.06,116.45,400,4,Inactive(0.94),Inactive(0.95),Active(0.52),Active(0.70),Inactive(0.70),Active(1.00),5/6 Inactive,Active(0.50)
Muricin K,Acetogenin,596.88,7.06,116.45,400,4,Inactive(0.86),Inactive(0.93),Active(0.50),Active(0.68),Inactive(0.78),Active(1.00),Inactive,Active(0.59)
Muricin L,Acetogenin,596.88,7.06,116.45,400,4,Inactive(0.86),Inactive(0.93),Active(0.51),Active(0.65),Inactive(0.76),Active(1.00),Inactive,Active(0.59)
Muridienin 3,Acetogenin,542.92,12.52,177.72,5000,4,Inactive(0.65),Inactive(0.70),Inactive(0.59),Inactive(0.77),Inactive(0.86),Active(0.77),Inactive,Active(0.90)
Muridienin 4,Acetogenin,542.92,12.52,177.72,5000,4,Inactive(0.65),Inactive(0.70),Inactive(0.59),Inactive(0.77),Inactive(0.86),Active(0.77),Inactive,Active(0.90)
Murisolin,Acetogenin,580.88,8.09,96.22,400,4,Inactive(0.86),Inactive(0.93),Active(0.50),Active(0.68),Inactive(0.78),Active(1.00),Inactive,Active(0.59)
Sabadelin,Acetogenin,530.87,10.96,38.83,900,4,Inactive(0.73),Inactive(0.81),Inactive(0.51),Inactive(0.68),Inactive(0.83),Active(0.87),Inactive,Active(0.89)
Xylomaticin,Acetogenin,624.93,7.84,116.45,400,4,Inactive(0.86),Inactive(0.93),Active(0.50),Active(0.68),Inactive(0.78),Active(1.00),Inactive,Active(0.59)